,detailLink,rate,title,cover,year,types,country,language,Time,movietime,comment_num,stars,summary,comments,imgList,movieUrl
0,https://movie.douban.com/subject/35965772/,7.6,想象之光,https://img3.doubanio.com/view/photo/s_ratio_poster/public/p2909049672.jpg,2024,剧情,"法国,印度,荷兰,卢森堡,意大利","马拉雅拉姆语,印地语,马拉地语","['2024-05-23', '2024-10-02']",114分钟(电影节版),8033,16.2%.51.5%.28.8%.3.1%.0.5%,丈夫长居德国，护士长普拉巴被困在有名无实的包办婚姻中，无法响应男医生对她的体贴温柔。年轻护士阿努爱着穆斯林男孩，他们无法正大光明交往，却大胆偷尝禁果。两人的共同好友因寡妇身份等不到居住正义，被迫离开城市。三名羸弱女子，在孟买巨大的喧嚣里无法留下足迹，但她们依然坚毅强韧，在父权社会的日常里，用自己的方式处理问题。,"[{""user"": ""\u65e5\u738b\u4ed4"", ""star"": ""30"", ""time"": ""2024-05-24 19:33:33"", ""comments"": ""\u5ba2\u89c2\u6765\u8bf4\uff0c\u300a\u60f3\u8c61\u4e4b\u5149\u300b\u5176\u5b9e\u53ea\u662f\u4e00\u63fd\u5b50\u5730\u5c06\u5370\u5ea6\u4e00\u7cfb\u5217\u7684\u793e\u4f1a\u95ee\u9898\u629b\u5728\u89c2\u4f17\u9762\u524d\uff1a\u5973\u6027\u7684\u751f\u5b58\u56f0\u5883\uff0c\u5de8\u5927\u7684\u57ce\u4e61\u5dee\u8ddd\uff0c\u843d\u540e\u7684\u533b\u7597\u4f53\u7cfb\u3001\u591a\u4fe1\u4ef0\u95f4\u7684\u51b2\u7a81\u7b49\u7b49\u3002\u5bfc\u6f14\u5b9e\u5219\u65e0\u5fc3\uff08\u6216\u65e0\u529b\uff09\u8ffd\u95ee\u3001\u6df1\u5165\uff0c\u800c\u662f\u4e91\u6de1\u98ce\u8f7b\u5730\u5c06\u6240\u6709\u95ee\u9898\u9690\u85cf\u5728\u6d53\u96fe\u3001\u5e7d\u5149\u4e4b\u540e\uff0c\u591a\u5c11\u6709\u70b9\u9694\u9774\u6414\u75d2\u7684\u610f\u5473\u3002\u4f46\u5bfc\u6f14\u8212\u7f13\u3001\u6781\u5bcc\u8bd7\u610f\u7684\u98ce\u683c\u786e\u5b9e\u63d0\u4f9b\u4e86\u4e00\u4e2a\u4e0e\u4f17\u4e0d\u540c\u7684\u53bb\u63a5\u8fd1\u5370\u5ea6\u7684\u89c6\u89d2\u3002\u5982\u679c\u621b\u7eb3\u5728\u65f6\u9694\u8fd1\u4e09\u5341\u5e74\u540e\u771f\u7684\u6709\u610f\u5c06\u8fd9\u7247\u571f\u5730\u91cd\u65b0\u7eb3\u5165\u4e16\u754c\u7535\u5f71\u7684\u7248\u56fe\uff0c\u300a\u60f3\u8c61\u4e4b\u5149\u300b\u662f\u4e2a\u5341\u5206...""}, {""user"": ""LarryWho"", ""star"": ""30"", ""time"": ""2024-06-20 12:28:13"", ""comments"": ""@SIFF \u662f\u7535\u5f71\u9000\u5316\u4e86\u8fd8\u662f\u6211\u9000\u5316\u4e86""}, {""user"": ""LOOK"", ""star"": ""30"", ""time"": ""2024-06-23 21:55:42"", ""comments"": ""\u975e\u5e38\u6807\u914d\u7684\u5c55\u793a\u7b2c\u4e09\u4e16\u754c\u82e6\u96be\u73b0\u5b9e\u7684\u56fd\u9645\u827a\u672f\u7535\u5f71\uff0c\u955c\u5934\u4f7f\u7528\u4e2d\u7684\u51dd\u6ede\u7279\u8272\u65e0\u6cd5\u611f\u53d7\u5230\u6709\u4f55\u7279\u522b\u7528\u610f\uff0c\u6700\u540e\u90a3\u573a\u56e2\u805a\u7684\u60f3\u8c61\u620f\u662f\u501f\u9274\u4e86\u300a\u96e8\u6708\u7269\u8bed\u300b\u3002""}, {""user"": ""\u5357\u60a0\u4e00"", ""star"": ""40"", ""time"": ""2024-05-24 15:04:55"", ""comments"": ""\u751f\u6d3b\u6d41\u5f71\u50cf\uff0c\u6545\u4e8b\u5448\u73b0\u5370\u5ea6\u5b5f\u4e70\u52b3\u5de5\u3001\u9636\u7ea7\u95ee\u9898\u548c\u5973\u6027\u7684\u56f0\u5883\uff0c\u5b83\u4e0d\u54c0\u6028\uff0c\u4e0d\u547c\u5524\uff0c\u4e5f\u4e0d\u54ed\u6ce3\uff0c\u5982\u82f9\u679c\u82b1\u4e1b\u7684\u8584\u96fe\u4e00\u6837\uff0c\u5728\u72ec\u7279\u7684\u3001\u8f7b\u76c8\u7684\u914d\u4e50\u91cc\uff0c\u4e00\u79cdsolidarity and sisterhood\u7684\u60c5\u8c0a\u5728\u7535\u5f71\u91cc\u6d41\u52a8\u3002""}, {""user"": ""\u9aa4\u96e8\u81f3"", ""star"": ""40"", ""time"": ""2024-06-20 14:32:25"", ""comments"": ""\u5370\u5ea6\u6559\u76f8\u4fe1\u4eba\u6d3b\u4e8e\u4e16\u7686\u8981\u9075\u4ece\u4e0a\u795e\u7684\u5b89\u6392\uff0c\u56e0\u6b64\u5f53\u963f\u52aa\u5411\u666e\u62c9\u5df4\u503e\u8bc9\u81ea\u5df1\u5bf9\u7236\u6bcd\u5b89\u6392\u597d\u7684\u5a5a\u59fb\u7684\u4e0d\u6ee1\u65f6\uff0c\u666e\u62c9\u5df4\u8bf4\u201c\u4f60\u65e0\u6cd5\u9003\u79bb\u547d\u8fd0\u201d\u3002\u4f46\u5979\u6700\u540e\u4f9d\u65e7\u9009\u62e9\u5bf9\u4e08\u592b\u8bf4\u4e0d\uff0c\u5305\u5bb9\u4e86\u963f\u52aa\u7684\u7a46\u65af\u6797\u60c5\u4eba\u3002\u5e76\u6ca1\u6709\u90a3\u79cd\u77f3\u7834\u5929\u60ca\u7684\u89c9\u9192\u6216\u8005\u80dc\u5229\uff0c\u4ec5\u4ec5\u662f\u6f2b\u957f\u7684\uff0c\u6f2b\u957f\u751f\u6d3b\u4e2d\u5306\u5306\u7684\u4e00\u77a5\u3002\u6b63\u5982\u6d77\u5cb8\u8fb9\u7684\u4e00\u7f15\u9633\u5149\uff0c\u6b63\u5982\u7247\u540d\u4e00\u6837\u3002\u5f53\u6211\u4eec\u6307\u8d23\u8fd9\u4f4d\u6765\u81ea\u5357\u4e9a\u7684\u5973\u5bfc\u6f14\u201c\u5a9a\u6001\u8ba8\u597d\u201d\u201c\u79fb\u690d\u4ed6\u56fd\u611f\u60c5\u4e8e\u672c\u56fd\u571f\u5730\u201d\u65f6\uff0c\u4e0d\u59a8\u5148\u770b\u4e00\u770b\u6211\u4eec\u7684\u56fd\u9645\u7535\u5f71\u8282\u5728\u7ffb\u8bd1\u65f6\u7406\u6240\u5f53\u7136\u5730\u5c06\u5370...""}]",https://img3.doubanio.com/view/photo/sqxs/public/p2908133243.jpg.https://img1.doubanio.com/view/photo/sqxs/public/p2908133240.jpg.https://img9.doubanio.com/view/photo/sqxs/public/p2908133244.jpg.https://img3.doubanio.com/view/photo/sqxs/public/p2908133242.jpg,https://vt1.doubanio.com/202501191557/2773c6e8d52d0635a0809183b5e07713/view/movie/M/703190289.mp4
1,https://movie.douban.com/subject/35087675/,6.3,毒液：最后一舞,https://img3.doubanio.com/view/photo/s_ratio_poster/public/p2914269857.jpg,2024,"动作,科幻,惊悚,冒险",美国,英语,"['2024-10-23', '2024-10-25']",109分钟,155103,8.0%.22.8%.47.1%.18.0%.4.1%,毒液和埃迪（汤姆·哈迪 Tom Hardy 饰）迎来至暗时刻。一边是人类神秘组织的穷追猛打，一边是外星共生体大军入侵地球，他们一心同体，花式解锁海陆空作战新形态。面对两边的疯狂追捕，这对亡命搭档将被迫做出毁灭性决定，为他们的最后一舞拉下帷幕。,"[{""user"": ""\u671d\u66ae\u96ea"", ""star"": ""20"", ""time"": ""2024-10-23 13:10:44"", ""comments"": ""\u7b2c\u4e8c\u90e8\u7247\u5c3e\u5f69\u86cb\u6bd2\u6db2\u7a7f\u8d8a\u5230\u4e86\u6f2b\u5a01\u5b87\u5b99\uff0c\u7535\u89c6\u4e0a\u51fa\u73b0\u4e86\u8718\u86db\u4fa0\u7684\u65b0\u95fb\uff0c\u968f\u540e\u300a\u8718\u86db\u4fa0\uff1a\u82f1\u96c4\u65e0\u5f52\u300b\u7247\u5c3e\u5f69\u86cb\u53c8\u51fa\u73b0\u4e86\u6bd2\u6db2\uff0c\u505a\u4e86\u90a3\u4e48\u591a\u94fa\u57ab\uff0c\u7ed3\u679c\u300a\u6bd2\u6db23\u300b\u548c\u8718\u86db\u4fa0\u6ca1\u6709\u4e1d\u6beb\u5173\u7cfb\uff0c\u7b80\u76f4\u5c31\u662f\u7535\u5f71\u8bc8\u9a97\u3002\n\u4f60\u522b\u8ddf\u6211\u8bf4\u8fd9\u90e8\u7535\u5f71\u53eb\u300a\u6bd2\u6db2\u300b\uff0c\u4e5f\u522b\u8bf4\u7d22\u5c3c\u4ece\u6765\u6ca1\u8bf4\u8fc7\u8fd9\u90e8\u7535\u5f71\u4f1a\u51fa\u73b0\u8718\u86db\u4fa0\uff0c\u90a3\u4f60\u4e3a\u4ec0\u4e48\u8981\u62cd\u90a3\u4e48\u591a\u5f69\u86cb\uff1f\n\u65e2\u7136\u4f60\u4e0d\u80fd\u8ba9\u6bd2\u6db2\u3001\u8718\u86db\u4fa0\u540c\u6846\uff0c\u5c31\u4e0d\u8981\u62cd\u90a3\u4e48\u591a\u8718\u86db\u4fa0\u7684\u5f69\u86cb\uff0c\u4e0d\u8981\u505a\u90a3\u4e48\u591a\u94fa\u57ab\uff0c\u8ba9\u4eba\u4ea7\u751f\u671f\u5f85\uff0c\u53c8\u8ba9\u4eba\u5931\u671b\uff0c\u6700\u540e\u8fd8\u53ef\u4ee5\u53cd\u9a73\u6211\uff1a...""}, {""user"": ""\u5c0f\u70e8"", ""star"": ""40"", ""time"": ""2024-10-23 12:43:32"", ""comments"": ""\u73b0\u5728\u5c11\u4e8e2\u5c0f\u65f6\u4e14\u80fd\u628a\u6545\u4e8b\u8bb2\u597d\u7684\u7535\u5f71\u5c5e\u4e8e\u529f\u5fb7\u65e0\u91cf\u4e86\uff0c\u8fd9\u4e00\u90e8\u6bd2\u6db2\u5c31\u662f\u3002\u914d\u4e50\u6ee1\u5206\uff0c\u6700\u540e\u7684\u6218\u6597\u573a\u9762\u71c3\u8d77\u6765\u8fd8\u6709\u4e00\u4efd\u60b2\u58ee\u611f\uff0c\u6bd2\u6db2\u6bd4\u7b2c\u4e00\u90e8\u66f4\u53ef\u7231\u4e86\u3002\u5404\u79cd\u5404\u6837\u4e0d\u540c\u989c\u8272\u7684\u5171\u751f\u4f53\u805a\u5728\u4e00\u8d77\uff0c\u5f00\u53d1\u4e86\u4e00\u79cd\u65b0\u7684\u602a\u7269\u827a\u672f\u3002\u4ee5\u53ca\uff0c\u8fd9\u662f\u76ee\u524d\u4e3a\u6b62\u4eca\u5e74\u6700\u611f\u4eba\u7684\u771f\u4eba\u7231\u60c5\u7247\u3002\u771f\u7231\u53ef\u4ee5\u8de8\u8d8a\u9636\u7ea7\u3001\u8de8\u8d8a\u661f\u7403\u3001\u8de8\u8d8a\u65f6\u7a7a\uff0c\u76f4\u81f3\u6b7b\u4ea1\u5c06\u6211\u4eec\u5206\u5f00\u3002""}, {""user"": ""\u5927\u9690\u9690\u4e8e\u4e16"", ""star"": ""30"", ""time"": ""2024-10-23 09:17:18"", ""comments"": ""\u7f8e\u56fd\u7684\u7535\u5f71\uff0c\u4e2d\u56fd\u9996\u6620\uff0c\u7f8e\u56fd\u540e\u6620\u3002\u53f8\u9a6c\u662d\u4e4b\u5fc3\u8def\u4eba\u7686\u77e5\u6bd2\u6db2\uff01""}, {""user"": ""\u76ae\u76ae\u9e26"", ""star"": ""30"", ""time"": ""2024-10-23 14:46:15"", ""comments"": ""3.1 \u4e00\u5982\u65e2\u5f80\u4e4f\u5473 \u5b8f\u89c2\u80cc\u666f\u4e0b\u7684\u57fa\u60c5\u516c\u8def\u7247 \u4ec5\u6709\u6700\u540e\u5927\u6218\u5438\u775b \u5404\u79cd\u8d85\u80fd\u529b\u7684\u5171\u751f\u4f53\u786e\u5b9e\u86ee\u9177 \u6bd4\u7b2c\u4e8c\u90e8\u597d \u5c31\u8fd8\u7b97\u6709\u70b9\u826f\u5fc3 \u6bcf\u6b21\u90fd\u8e6d\u8e6dMCU \u53c8\u4e0d\u771f\u5e72 \u7d22\u5c3c\u592a\u75ff\u4e86""}, {""user"": ""\u767d\u829c"", ""star"": ""20"", ""time"": ""2024-10-23 17:08:06"", ""comments"": ""\u5168\u7247\u6211\u60c5\u7eea\u6ce2\u52a8\u6700\u5927\u7684\u65f6\u5019\u662f\u6c64\u8001\u5e08\u8bf4\u4ed6\u66fe\u7ecf\u662f\u6700\u6027\u611f\u7684\u7537\u4eba\uff0c\u6211\u5fc3\u60f3\u4f60\u4e5f\u77e5\u9053\u554a\u6211\u597d\u75db\u5fc3\u554a\u3002\n\u522b\u7684\u5c31\u3002\u3002\u3002\u54c8\u54c8\u3002""}]",https://img1.doubanio.com/view/photo/sqxs/public/p2914533118.jpg.https://img9.doubanio.com/view/photo/sqxs/public/p2909032604.jpg.https://img3.doubanio.com/view/photo/sqxs/public/p2914516707.jpg.https://img9.doubanio.com/view/photo/sqxs/public/p2909032595.jpg,https://vt1.doubanio.com/202501191557/1effe54ed4a18a268c6da8ce0366fa42/view/movie/M/703180205.mp4
2,https://movie.douban.com/subject/36689857/,8.1,荒野机器人,https://img2.doubanio.com/view/photo/s_ratio_poster/public/p2913022141.jpg,2024,"科幻,动画,冒险",,美国,"['2024-09-20', '2024-06-11', '2024-09-27']",102分钟,80319,32.7%.44.0%.20.6%.2.3%.0.4%,影片改编自皮特·布朗的同名畅销书，聚焦机器人萝斯（露皮塔·尼永奥 Lupita Nyong'o 配音）的冒险之旅。她因一场意外漂流到了孤岛，偏离了程序预设的发展轨道，不得不面对险恶的生存环境，并试图与充满戒备和敌意的野生动物建立关系。随着萝斯遇到了一只小灰雁（基特·康纳 Kit Connor 配音）并成为了他的“妈妈”，她逐渐在这座荒岛中找到了归属感。被定义好的编程即将被打破，一段关乎爱的心灵故事即将展开。,"[{""user"": ""Lumity"", ""star"": ""50"", ""time"": ""2024-09-21 00:34:19"", ""comments"": ""\u4e0d\u8bc4\u4ef7\u7535\u5f71\u4e86\uff0c\u53ea\u8bf4\u8bc4\u8bba\u533a\u5404\u79cd\u62ff\u7740\u653f\u6cbb\u653e\u5927\u955c\u770b\u7535\u5f71\uff0c\u79bb\u5f00\u767d\u5de6\u8fd9\u4fe9\u5b57\u76f4\u63a5\u5931\u53bb\u8bed\u8a00\u80fd\u529b\uff0c\u4e0d\u4f1a\u8bf4\u8bdd\u4e86\u7684\uff0c\u4f60\u4eec\u79c0\u653f\u6cbb\u7406\u89e3\u7684\u6837\u5b50\u50cf\u4e2a\u5c0f\u4e11\u3002""}, {""user"": ""\u81ea\u5f8b"", ""star"": ""30"", ""time"": ""2024-09-07 20:46:06"", ""comments"": ""\u6bd4\u8f83\u4f4e\u5e7c\uff0c\u4f5c\u4e3a\u6210\u5e74\u4eba\u770b\u4e00\u4e2a\u542b\u8f9b\u8339\u82e6\u4ed8\u51fa\u7684\u6bcd\u4eb2VS\u4e00\u4e2a\u666e\u7537\u7537\u5b9d\uff0c\u83ab\u540d\u5176\u5999\u5c31\u7fa4\u4f17\u5bf9\u6297\u5927\u8d44\u672c\u574f\u4ebaemmmm\u3002\u517b\u5927\u81ea\u5df1\u7684\u662f\u6740\u5168\u5bb6\u7684\u4ec7\u4eba\u8fd9\u4e2a\u4f26\u7406\u51b2\u7a81\u6897\u8fd8\u6bd4\u8f83\u6709\u610f\u601d\uff0c\u4f46\u2026\u2026\u603b\u4e4b\u6210\u5e74\u4eba\u6ca1\u5fc5\u8981\u770b\u3002""}, {""user"": ""\u5218cheechee"", ""star"": ""30"", ""time"": ""2024-09-20 17:25:56"", ""comments"": ""\u5fc3\u60c5\u590d\u6742\u2026\u2026\u5f00\u5934\u597d\u60ca\u559c\uff1a\u5973\u6027\u914d\u97f3\u7684\u673a\u5668\u4eba\u4e3b\u89d2\uff01\uff01\u68a6\u5de5\u5382\u771f\u4e0d\u9519\uff01\uff01\u770b\u5230\u540e\u9762\u5c31\u660e\u767d\u4e86\uff1a\u539f\u6765\u662f\u8981\u5f53\u6bcd\u4eb2 \u96be\u602a\u80fd\u6709\u5973\u6027\u7684\u4e8b\u2026\u2026\u4f60\u5c31\u5f53\u4e00\u4e2a\u670b\u53cb \u5f53\u4e00\u4e2a\u5e2e\u52a9\u8005\u53bb\u5e2e\u52a9\u6240\u6709\u4eba \u4e0d\u884c\u5417 \u4e3a\u4ec0\u4e48\u5fc5\u987b\u8981\u5f53\u4e00\u4e2a\u201c\u5988\u5988\u201d\u554a\uff1f\u5e76\u4e14\u6211\u4e5f\u5f88\u4e0d\u559c\u6b22\u975e\u5f97\u628a\u628a\u7406\u6027\u7684\u673a\u5668\u4eba\u53d8\u5f97\u60c5\u611f\u5bfc\u5411\u7684\u8fd9\u4e00\u70b9/\u4f46\u53e6\u4e00\u65b9\u9762 \u6211\u53c8\u5f88\u559c\u6b22\u90a3\u53e5\u201c\u8fd9\u662f\u6211\u7684\u8fc1\u5f99\u3002\u201d\u8fd9\u4e2a\u5730\u65b9\u7684\u8f6c\u53d8\u5c31\u5f88\u81ea\u7136\u4e14\u5f88\u6709\u4ee3\u5165\u611f\uff01\uff01\u53ef\u60dc\u6025\u8f6c\u76f4\u4e0b \u9a6c\u4e0a\u5c31\u7ed3\u5c3e\u4e86\u2026\u2026\u4e0d\u597d\u610f\u601d \u53ea\u80fd\u62533""}, {""user"": ""\u94c1\u8def10086"", ""star"": ""40"", ""time"": ""2024-09-15 16:25:46"", ""comments"": ""\u4eba\u662f\u6f02\u6cca\u7684\u9e1f\uff0c\u7231\u662f\u5b9c\u5c45\u7684\u5c9b\u3002""}, {""user"": ""\u561f\u561f\u718a\u4e4b\u7236"", ""star"": ""20"", ""time"": ""2024-09-16 22:31:38"", ""comments"": ""\u9ad8\u9636\u7269\u79cd\u7684\u50b2\u6162\u4e0e\u504f\u89c1\uff0c\u4e00\u4e2a\u8d8b\u8fd1\u4e8e\u7406\u60f3\u5f62\u6001\u7684\u201c\u4eba\u7c7b\u201d\u95ef\u5165\u5927\u81ea\u7136\u6559\u52a8\u7269\u4eec\u505a\u4e8b\uff0c\u544a\u8bc9\u4ed6\u4eec\u4e0d\u8981\u4f24\u5bb3\u5f7c\u6b64\uff0c\u4e1b\u6797\u91cc\u90fd\u662f\u4e00\u5bb6\u4eba\u3002\u600e\u4e48\u8bf4\u5462\uff1f\u4e0d\u662f\u5f88\u6070\u5f53\uff0c\u4f46\u4e0d\u81ea\u89c9\u60f3\u5230\u67d0\u7efc\u827a\u9ec4\u5b50\u97ec\u4f53\u9a8c\u65e5\u7ed3\u5de5\u751f\u6d3b\uff0c\u7d2f\u5230\u4e0d\u884c\u653e\u5f03\uff0c\u7136\u540e\u5bf9\u5de5\u4eba\u8bf4\u201c\u4e00\u5b9a\u8981\u627e\u4e00\u4e2a\u81ea\u5df1\u559c\u6b22\u7684\u5de5\u4f5c\uff0c\u8fd9\u6837\u624d\u80fd\u5e72\u5f97\u8d77\u52b2\u201d\u3002""}]",https://img9.doubanio.com/view/photo/sqxs/public/p2905447085.jpg.https://img9.doubanio.com/view/photo/sqxs/public/p2905447086.jpg.https://img3.doubanio.com/view/photo/sqxs/public/p2905447087.jpg.https://img3.doubanio.com/view/photo/sqxs/public/p2909858797.jpg,https://vt1.doubanio.com/202501191557/257d07e5e92fea67f52793edc68e6568/view/movie/M/703170813.mp4
3,https://movie.douban.com/subject/36934908/,8.6,因果报应,https://img1.doubanio.com/view/photo/s_ratio_poster/public/p2915350868.jpg,2024,"动作,悬疑,犯罪",印度,泰米尔语,"['2024-11-29', '2024-06-14']",141分钟,281515,46.9%.39.8%.11.4%.1.4%.0.6%,理发师玛哈拉贾大闹警局，悬赏70万要为一个价值300的垃圾桶立案。众人疑惑之际，才发觉玛哈拉贾来警局另有目的……当女儿被恶人残忍迫害，真相与正义似乎无处可寻，憨厚老实的底层父亲只能以身设局，用剃须刀杀出一条复仇血路。永远不要低估一个父亲为女儿复仇的决心！,"[{""user"": ""\u514b\u6d1b\u9a6c\u8482\u65af"", ""star"": ""30"", ""time"": ""2024-07-25 13:08:37"", ""comments"": ""\u4e00\u76f4\u60f3\u95ee\u4e3a\u4ec0\u4e48\u56e0\u679c\u62a5\u5e94\u4e5f\u8981\u59bb\u5b50\u5973\u513f\u627f\u62c5\uff1f\u4e0d\u80fd\u62a5\u5e94\u5728\u81ea\u8eab\u5c31\u5b8c\u4e86\uff1f""}, {""user"": ""AAA-\u6e14\u7ecf\u7406\u0b67\u2364\u20dd\ud83d\udc96"", ""star"": ""40"", ""time"": ""2024-07-23 14:07:51"", ""comments"": ""\u53ea\u80fd\u8bf4\u574f\u4eba\u5c31\u662f\u574f\u4eba\uff0c\u4ed6\u4f1a\u5bf9\u81ea\u5df1\u5bb6\u4eba\u597d\uff0c\u4f46\u4ed6\u8fd8\u662f\u4eba\u54c1\u4f4e\u52a3\u3002\u597d\u4eba\u5c31\u662f\u597d\u4eba\uff0c\u5c31\u7b97\u4e0d\u662f\u81ea\u5df1\u751f\u7684\uff0c\u8fd8\u662f\u4f1a\u7528\u6b63\u4e49\u548c\u5584\u826f\u53bb\u5bf9\u5f85\uff0c\u524d\u8fb9\u8282\u594f\u592a\u6162\u4e86\uff0c\u540e\u8fb9\u63ed\u5f00\u4e00\u5207\uff0c\u8ba9\u4eba\u550f\u5618\uff0c\u5973\u5b69\u5b50\u5f88\u575a\u5f3a\uff0c\u8b66\u5bdf\u6bd4\u8f83\u6709\u8da3\uff0c\u867d\u7136\u8d2a\u8d22\uff0c\u4f46\u771f\u7684\u529e\u4e8b""}, {""user"": ""Mumu"", ""star"": ""30"", ""time"": ""2024-08-19 07:26:53"", ""comments"": ""\u8d8a\u6765\u8d8a\u538c\u6076\u8fd9\u5957\u7537\u6027\u81ea\u55e8\u5f0f\u201c\u5982\u679c\u662f\u4f60\u5973\u513f/\u59bb\u5b50\u201d\u7684\u79c1\u4eba\u8d22\u4ea7\u903b\u8f91\uff0c\u73b0\u5b9e\u5df2\u7ecf\u6e05\u695a\u5730\u8bc1\u660e\u5b83\u7684\u865a\u4f2a\u3002\u5973\u6027\u9700\u8981\u7684\u662f\u5c0a\u91cd\u4e0d\u662f\u4fdd\u62a4\uff0c\u6e32\u67d3\u4fdd\u62a4\u610f\u5473\u7740\u9ed8\u8bb8\u4f24\u5bb3\u3002""}, {""user"": ""momo"", ""star"": ""50"", ""time"": ""2024-08-16 23:21:15"", ""comments"": ""\u522b\u8ba9\u9648\u601d\u8bda\u770b\u5230\u8fd9\u90e8\u7247\uff01""}, {""user"": ""\u7a97\u8fb9\u7684\u5c0f\u8c46\u8c46"", ""star"": ""50"", ""time"": ""2024-08-17 23:20:43"", ""comments"": ""\u5f3a\u5978\u955c\u5934\u91cc\u6ca1\u6709\u53d7\u5bb3\u8005\uff0c\u6709\u7684\u662f\u65bd\u5bb3\u8005\u7684\u53ef\u6076\u5634\u8138\uff1b\u6700\u540e\u5973\u5b69\u9762\u5bf9\u65bd\u5bb3\u8005\uff0c\u52c7\u6562\u800c\u575a\u5b9a\u5730\u8bf4\uff1a\u201c\u6211\u4e0d\u4f1a\u5d29\u6e83\u7684\uff0c\u6211\u4f1a\u5fd8\u4e86\u8fd9\u4ef6\u4e8b\u2026\u2026\u4e0d\u662f\u4f60\u5bf9\u6211\u6148\u60b2\uff0c\u662f\u6211\u5bf9\u4f60\u6148\u60b2\uff0c\u9976\u4f60\u4e00\u547d\uff0c\u4f60\u53ef\u4ee5\u6d3b\u4e0b\u53bb\u2026\u2026\u201d\uff0c\u771f\u7684\u5f88\u5f3a\u5927\uff0c\u5f88\u611f\u52a8\uff01\uff01\uff01\n\u5f53\u7136\uff0c\u6574\u90e8\u7535\u5f71\u7684\u5267\u60c5\u3001\u62cd\u6444\u624b\u6cd5\u4ee5\u53ca\u914d\u4e50\uff0c\u6d51\u7136\u4e00\u4f53\uff0c\u597d\u7cbe\u5f69\uff01\u5f88\u4e45\u6ca1\u770b\u5230\u8fd9\u4e48\u68d2\u7684\u4e00\u90e8\u7535\u5f71\u4e86\uff0c\u5f88\u6ee1\u8db3\uff0c\u975e\u5e38\u5f00\u5fc3\uff01\u723d\uff01\n\n\u7ffb\u6f14\u5458\u8868\u8fd8\u53d1\u73b0\u5bfc\u6f14\u548c\u7f16\u5267\u662f\u4e00\u4e2a\u4eba\uff0c\u4e00\u4e2a\u540d\u4e0d\u89c1\u7ecf\u4f20\u7684\u5927\u795e\uff01""}]",https://img3.doubanio.com/view/photo/sqxs/public/p2915788332.jpg.https://img2.doubanio.com/view/photo/sqxs/public/p2915788331.jpg.https://img3.doubanio.com/view/photo/sqxs/public/p2911775482.jpg.https://img1.doubanio.com/view/photo/sqxs/public/p2911775479.jpg,https://vt1.doubanio.com/202501191558/b46c9a9f7643a494b6c37d8472140dbf/view/movie/M/703180735.mp4
4,https://movie.douban.com/subject/36354086/,6.1,胜券在握,https://img9.doubanio.com/view/photo/s_ratio_poster/public/p2915237854.jpg,2024,剧情,中国大陆,汉语普通话,['2024-11-15'],135分钟,87974,6.6%.19.8%.48.8%.20.3%.4.6%,在科技公司工作的11号员工白胜（邓超 饰）被郝大哥（杨皓宇 饰）催债，又惨遭公司裁员，为了赢回属于自己的800万期权，他必须在公司苟住100天。于是白胜不得已设下骗局重返公司，虽然负责裁员的张见（张本煜 饰）多番阻挠，但他却意外在任远劳（喻恩泰 饰）的担保下获得了公司内部创业的机会！他一路搜寻人才组建公司“泡泡工厂”，集齐“全能型”人事方方（邓家佳 饰）、“技术型”程序员哈雷（柯达 饰）、“输出型”公关强尼（李乃文 饰）。正当白胜以为自己可以瞒天过海时，监事周望高（郑云龙 饰）的出现打破了计划，而等待他们的是一场更大的骗局……,"[{""user"": ""\u5973\u795e\u7684\u79cb\u88e4"", ""star"": ""30"", ""time"": ""2024-11-15 11:41:14"", ""comments"": ""6/10 \u53c8\u662f\u5927\u5382\uff0c\u53c8\u662f\u88c1\u5458\uff0c\u53c8\u662f\u5f3a\u5c3c\uff0c\u597d\u50cf\u770b\u4e86\u4e00\u90e8\u300a\u5e74\u4f1a\u4e0d\u80fd\u505c\u300b\u7684\u756a\u5916\uff0c\u4f46\u8fdc\u6ca1\u6709\u524d\u8005\u7cbe\u5f69\uff0c\u4e5f\u8fdc\u4e0d\u53ca\u5bfc\u6f14\u524d\u4f5c\u300a\u626c\u540d\u7acb\u4e07\u300b\u3002\u8868\u6f14\u4e0a\uff0c\u9093\u8d85\u7684\u5f62\u8c61\u6709\u70b9\u8fdd\u548c\uff0c\u4e0d\u591f\u666e\u901a\uff0c\u4e0d\u591f\u5e95\u5c42\uff0c\u4e0d\u591f\u8f9b\u82e6\uff0c\u8fd8\u4e0d\u5982\u9694\u58c1\u300a\u9006\u884c\u4eba\u751f\u300b\u91cc\u7684\u5f90\u5ce5\uff0c\u9093\u5bb6\u4f73\u597d\u50cf\u5b8c\u5168\u5728\u72b6\u51b5\u5916\u3002\u5267\u60c5\u4e0a\u6bd4\u8f83\u4fd7\u5957\uff0c\u540e\u534a\u7a0b\u5267\u60c5\u592a\u8fc7\u7406\u60f3\uff0c\u53f0\u8bcd\u5f88\u6f02\u6d6e\u3002\u6574\u4f53\u5c31\u4e00\u4e2a\u5b57\uff1a\u5047\uff0c\u50cf\u4e00\u4e2a\u81c6\u60f3\u7684\u804c\u573a\u7ae5\u8bdd\u3002""}, {""user"": ""\u5b54\u5e9c\u5c0f\u9c7c"", ""star"": ""30"", ""time"": ""2024-11-15 22:34:55"", ""comments"": ""\u5218\u5faa\u5b50\u58a8\u4f60\u62ff\u7535\u5f71\u5f53\u540c\u4eba\u62cd\u554a\uff1f\u8981\u7d20\u592a\u590d\u6742\u4e86\u5427\uff1f""}, {""user"": ""\u6843\u6843\u6797\u6797"", ""star"": ""30"", ""time"": ""2024-11-16 22:32:01"", ""comments"": ""\u63a5\u7740\u53bb\u5e74\u7684\u300a\u5e74\u4f1a\u4e0d\u80fd\u505c\u300b\uff0c\u611f\u89c9\u725b\u9a6c\u7535\u5f71\u8981\u662f\u8fd9\u51e0\u5e74\u7684\u521b\u4f5c\u65b0\u98ce\u53e3\u4e86\u3002\u4f46\u6574\u4f53\u6bd4\u5e74\u4f1a\u5dee\u4e86\u4e00\u4e2a\u6863\uff0c\u5176\u5b9e\u5e76\u4e0d\u600e\u4e48\u559c\u5267\u5012\u4e5f\u8fd8\u597d\u3002\u4e3b\u8981\u662f\u6574\u90e8\u7247\u5b50\u7684\u8bbe\u5b9a\u6709\u95ee\u9898\uff0c\u8fd9\u90fd\u4e0d\u662f\u8352\u8bde\u4e86\uff0c\u8fd9\u662f\u8352\u5510\u3002\u6bd5\u7adf\u725b\u9a6c\u7535\u5f71\u7684\u6838\u5fc3\uff0c\u603b\u662f\u5e94\u8be5\u57fa\u4e8e\u73b0\u5b9e\u7684\u8352\u8bde\u4e0e\u8bbd\u523a\uff0c\u4f46\u73b0\u5728\u57fa\u672c\u6ca1\u6709\u8d77\u7801\u7684\u5408\u7406\u6027\u4e86\uff0c\u4ece\u6ce1\u6ce1\u5de5\u5382\u7684\u521b\u5efa\u4e00\u76f4\u5230\u4e00\u8def\u7684\u5404\u79cd\u53d8\u5316\uff0c\u90fd\u592a\u786c\u7f16\u4e86\uff0c\u5df2\u7ecf\u5f88\u96be\u8ba9\u4eba\u6709\u6295\u5c04\u4e86\u3002\u800c\u4e14\uff0c\u8fd9\u7247\u5b50\u5b9e\u5728\u662f\u592a\u957f\u4e86\uff0c\u5c24\u5176\u540e\u534a\u7a0b\uff0c\u4e00\u8def\u62d6\u62d6\u62c9\u62c9\uff0c\u73b0\u5728\u7684\u7535\u5f71\u771f\u7684\u8981\u641e\u8fd9\u4e48\u957f\u4e48\uff1f""}, {""user"": ""\u6b8b\u5c0f\u96ea"", ""star"": ""40"", ""time"": ""2024-11-15 16:30:36"", ""comments"": ""\u4e00\u5f00\u59cb\u8fd8\u89c9\u5f97\u4e0d\u8fc7\u5c31\u662f\u6253\u5de5\u4eba\u7684\u9006\u88ad\u5267\u60c5\uff0c\u770b\u5230\u6700\u540e\u624d\u77e5\u9053\u662f\u6211\u80a4\u6d45\u4e86\u3002\u65b0\u751f\u7684\u6ce1\u6ce1\u5de5\u5382\uff0c\u5c3d\u5934\u5f88\u53ef\u80fd\u662f\u4e0b\u4e00\u4e2a\u5965\u4f20\u53f8\uff0c\u60f3\u5230\u8fd9\u91cc\u7684\u65f6\u5019\u5c31\u918d\u9190\u704c\u9876\u4e86\u3002\u53e6\u5916\u6700\u6253\u52a8\u6211\u7684\u5c31\u662f\uff0c\u6700\u521d\u767d\u80dc\u4f5c\u4e3a\u6253\u5de5\u4eba\uff0c\u4fe1\u4e86\u8001\u677f\u7ed9\u753b\u7684\u997c\uff0c\u6700\u540e\u628a\u8fd9\u4e2a\u201c\u997c\u201d\u4e5f\u80fd\u8fd8\u7ed9\u8001\u677f\u7684\u65f6\u5019\uff0c\u611f\u89c9\u7075\u9b42\u90fd\u7ed9\u6d17\u5e72\u51c0\u4e86\uff0c\u770b\u5b8c\u795e\u6e05\u6c14\u723d\u3002""}, {""user"": ""\u86cb\u9ec4\u6930\u5976\u7cd5"", ""star"": ""30"", ""time"": ""2024-11-23 18:38:33"", ""comments"": ""\u90d1\u4e91\u9f99\u4f60\u522b\u548c\u9093\u8d85\u5356\uff0c\u4f60\u8ba9\u9093\u8d85\u53bb\u548c\u6bb5\u5955\u5b8f\u5356\uff0c\u4f60\u53bb\u548c\u963f\u4e91\u560e\u5356\uff0c\u5f20\u672c\u715c\u4f60\u4e5f\u522b\u548c\u9093\u8d85\u90d1\u4e91\u9f99\u5356\uff0c\u4f60\u548c\u9093\u5bb6\u4f73\u5356\u4e00\u4e0b\u53c8\u80fd\u600e\u4e48\u6837\uff0c\u8fd8\u6709\u767d\u5ba2\u548c\u674e\u4e43\u6587\u4f60\u4fe9\u4e3a\u4ec0\u4e48\u4e0d\u5356\n\u5bfc\u6f14\u8001\u5e08\u4f60\u641e\u9519\u4e86\u5427\uff0c\u54b1\u4eec\u8fd9\u4e2a\u7535\u5f71\u5e94\u8be5\u662f\u518d\u89c1\u7231\u4eba\u4e0d\u5e94\u8be5\u662f\u6362\u4e58\u604b\u7231\u5427\n\u4ee5\u53ca\u5de6\u8fb9\u5750\u4e24\u4e2a\u90d1\u4e91\u9f99\u5b37\u5b37\uff0c\u53f3\u8fb9\u5750\u4e24\u4e2a\u5f90\u9a6c\u59d0\uff0c\u524d\u9762\u5750\u4e00\u6392\u516c\u53f8\u56e2\u5efa\u7684\u4eba\uff0c\u6211\u662f\u9633\u5149\u5f00\u6717\u5c0f\u5973\u5b69\uff0c\u6211\u4e0d\u77e5\u9053\u6211\u4e3a\u4ec0\u4e48\u4f1a\u5728\u8fd9\u91cc\uff0c\u6068\u6240\u6709\u4eba \n\u4ee5\u53ca\u4ec0\u4e48\u6837\u7684\u516c\u53f8\u4f1a\u770b\u80dc\u5238\u5728\u63e1\u56e2\u5efa\uff0c\u4f60\u4eec\u4e0d\u4f1a\u548c\u4e0a\u6b21\u6211\u53bb\u7535\u5f71\u9662\u770b\u5e74...""}]",https://img2.doubanio.com/view/photo/sqxs/public/p2915238811.jpg.https://img3.doubanio.com/view/photo/sqxs/public/p2914549577.jpg.https://img3.doubanio.com/view/photo/sqxs/public/p2914549573.jpg.https://img3.doubanio.com/view/photo/sqxs/public/p2914549582.jpg,https://vt1.doubanio.com/202501191558/bd23c6e7ca692001e3e6966b51637099/view/movie/M/703180689.mp4
5,https://movie.douban.com/subject/36727829/,7.0,夺命微笑2,https://img9.doubanio.com/view/photo/s_ratio_poster/public/p2912557505.jpg,2024,"悬疑,惊悚,恐怖","美国,加拿大",英语,"['2024-10-16', '2024-10-18']",127分钟,28109,13.2%.37.9%.38.4%.8.2%.2.3%,女歌星斯凯·莱利（娜奥米·斯科特 Naomi Scott 饰）因背痛去朋友家取药，却目睹朋友残忍自杀。几天后，各种奇怪诡异的现象让斯凯大大发疯，身边的亲朋好友都莫名对着她诡异微笑。一天一天过去，斯凯才知道自己传染了微笑诅咒，而受害者没有一位活过一周的，斯凯只能向假死医师莫里斯（彼得·雅各布森 Peter Jacobson 饰）求助……,"[{""user"": ""\u4e00\u6c60\u611f\u82b1"", ""star"": ""40"", ""time"": ""2024-10-25 19:53:37"", ""comments"": ""\u5973\u4e3b\u771ftm\u5730\u60e8\u554a\uff0c\u4ece\u5c0f\u88ab\u6298\u78e8\u7740\u8df3\u821e\u5531\u6b4c\u957f\u5927\uff0c\u53db\u9006\u671f\u5438\u6bd2\uff0c\u540e\u6765\u4e08\u592b\u8f66\u7978\u53bb\u4e16\uff0c\u81ea\u5df1\u53c8\u8eab\u53d7\u91cd\u4f24\uff0c\u4e00\u76f4\u8981\u5403\u6b62\u75db\u836f\u8fc7\u6d3b\u3002\u7136\u540e\u9047\u89c1\u4e86\u8be5\u6b7b\u7684\u201c\u5371\u7b11\u201d\uff0c\u5f97\uff0c\u597d\u4e0d\u5bb9\u6613\u4e0a\u5347\u7684\u4e8b\u4e1a\uff0c\u8fde\u7740\u547d\u4e00\u8d77\u6ca1\u4e86\u3002""}, {""user"": ""Lackbaby"", ""star"": ""40"", ""time"": ""2024-10-17 20:07:58"", ""comments"": ""\u9ed1\u5929\u9e45+\u535a\u5f88\u6050\u60e7+\u9677\u9631\uff0c\u9664\u4e86\u4e2d\u95f4\u90e8\u5206\u6709\u70b9\u62d6\u6c93\u4e4b\u5916\uff0c\u5dee\u4e0d\u591a\u662f\u5f53\u4e0b\u7c7b\u578b\u6050\u6016\u7684\u5c0f\u5929\u82b1\u677f\uff0c\u5efa\u8bae\u6c99\u9a6c\u5170\u53cd\u590d\u89c2\u770b10\u6b21""}, {""user"": ""simon\u337f"", ""star"": ""30"", ""time"": ""2024-10-17 22:18:26"", ""comments"": ""\u4e0d\u559dvoss\u73bb\u7483\u74f6\u4f1a\u6b7b\u662f\u4e0d\u662f\uff1f""}, {""user"": ""\u4e54\u4e54\u5409"", ""star"": ""30"", ""time"": ""2024-10-27 22:15:38"", ""comments"": ""\u76ee\u524d\u5206\u6709\u70b9\u865a\u9ad8\u5427\uff0c\u6bd5\u7adf\u8fd8\u6ca1\u6709\u6211\u9886\u5bfc\u4e00\u4e2a\u7a81\u5982\u5176\u6765\u7684\u7535\u8bdd\u4e00\u534a\u6050\u6016\u3002""}, {""user"": ""Bitchplzzzzzz"", ""star"": ""30"", ""time"": ""2024-10-18 17:10:28"", ""comments"": ""\u7b97\u662f\u5408\u683c\u7684\u7eed\u96c6\uff0c\u5267\u60c5\u6709\u70b9\u6563\uff0c\u94fa\u57ab\u6709\u70b9\u957f\uff0c\u5de8\u661f\u751f\u6d3b\u6709\u70b9\u96be\u5e26\u5165\u3002\u53cd\u8f6c\u8fd8\u662f\u4e0d\u9519\u7684\uff0c\u5fae\u7b11\u73b0\u4ee3\u821e\u8fd8\u86ee\u597d\u73a9\u3002\u8bdd\u8bf4\u67d0\u79cd\u7269\u8d28\u4ec0\u4e48\u65f6\u5019\u5c31\u88ab\u6263\u4e0a\u7537\u51dd\u5927\u5e3d\u5b50\u4e86\uff1f\u4e00\u4e9b\u77ed\u8bc4\u522b\u601d\u8003\u4e86\uff0c\u4ee4\u4eba\u53d1\u7b11""}]",https://img3.doubanio.com/view/photo/sqxs/public/p2913810762.jpg.https://img9.doubanio.com/view/photo/sqxs/public/p2909565704.jpg.https://img9.doubanio.com/view/photo/sqxs/public/p2914287424.jpg.https://img1.doubanio.com/view/photo/sqxs/public/p2913887729.jpg,https://vt1.doubanio.com/202501191558/e9e6bec9e2856f688f8a4ce223768e1a/view/movie/M/703180254.mp4
6,https://movie.douban.com/subject/36765646/,8.2,蓦然回首,https://img3.doubanio.com/view/photo/s_ratio_poster/public/p2914342253.jpg,2024,"剧情,动画",,日本,"['2024-10-26', '2024-06-10', '2024-06-14', '2024-06-28']",75分钟(中国大陆),107015,33.3%.44.7%.19.4%.2.3%.0.3%,这是一个令人怦然心碎的感人至深的有关于青春、梦想和友谊的故事。自信的小学生藤野一直以来都在校报上连载四格漫画，也因此享受着同学们的追捧赞美，直到她意外得知一个“家里蹲”不上学的同学京本，也想要尝试在校报上刊登漫画。这两个截然不同的女孩，她们之间唯一的联系就是对漫画的热爱。然而，有一天，在她们之间发生了一些事情，让一切都改变了……,"[{""user"": ""mibo lost"", ""star"": ""40"", ""time"": ""2024-06-21 09:09:13"", ""comments"": ""#31 \u7f8e\u672f\u751f\u627e\u4e0d\u5230\u5de5\u4f5c\u90a3\u91cc\u6709\u4f4d\u89c2\u4f17\u6012\u65a5\uff1a\u6709\u4ec0\u4e48\u597d\u7b11\u7684\uff09""}, {""user"": ""\u65f6\u5c0f\u9047"", ""star"": ""50"", ""time"": ""2024-06-14 11:35:48"", ""comments"": ""\u4eba\u751f\u6709\u65f6\u5019\u5c31\u662f\u56e0\u4e3a\u7b2c\u4e00\u4e2a\u89c2\u4f17\uff0c\u624d\u575a\u6301\u4e0b\u53bb\u7684\u3002""}, {""user"": ""sdebut"", ""star"": ""40"", ""time"": ""2024-10-12 22:49:52"", ""comments"": ""\u6ca1\u770b\u8fc7\u539f\u4f5c\u4e5f\u80fd\u770b\u51fa\u6765\u662f\u57fa\u672c\u5fe0\u5b9e\u7684\u6539\u7f16\uff0c\u65e0\u529f\u65e0\u8fc7\u3002\u6563\u573a\u88ab\u4e00\u5bf9\u5f88nice\u7684\u8377\u5170\u8001\u592b\u5987\u53eb\u4f4f\u95ee\u600e\u4e48\u7406\u89e3\u8fd9\u4e2a\u7535\u5f71\u662f\u4e0d\u662f\u5728\u544a\u8bc9\u89c2\u4f17\u4e0d\u8981\u592a\u5ac9\u5992\u4ed6\u4eba\uff0c\u6211\u5185\u5fc3\u9707\u60ca\u4e4b\u4f59\u4e5f\u611f\u53f9\u81ea\u6211\u4e3b\u4f53\u6027\u7206\u68da\u7684\u897f\u65b9\u4eba\u662f\u4e0d\u662f\u771f\u7684\u65e0\u6cd5\u7406\u89e3\u65e5\u6f2b\u91cc\u4eba\u548c\u4eba\u4e4b\u95f4\u65e0\u4e0a\u9650\u7684\u7f81\u7eca\u3002""}, {""user"": ""\u5c0f\u74f6\u5b50\u4e0d\u88c5\u6c34"", ""star"": ""40"", ""time"": ""2024-06-14 11:29:00"", ""comments"": ""\u90a3\u4e9b\u65f6\u5149\uff0c\u50cf\u4e00\u56e2\u65e7\u70df\u706b\uff0c\u56de\u5fc6\u7275\u6211\u3002""}, {""user"": ""Peko"", ""star"": ""50"", ""time"": ""2024-06-15 20:01:04"", ""comments"": ""\u6240\u6709\u6c42\u5b66\u8005\u671b\u89c1\u90a3\u539a\u539a\u7684\u8349\u7a3f\u672c\uff1b\u6240\u6709\u6c42\u7231\u8005\u671b\u89c1\u8fd9\u7275\u624b\u7684\u901b\u8857\u8def\uff1b\u6240\u6709\u6c42\u8ba4\u540c\u8005\u671b\u89c1\u90a3\u5199\u7740\u4f60\u540d\u5b57\u7684\u65e7\u8863\u670d\u3002""}]",https://img1.doubanio.com/view/photo/sqxs/public/p2908039160.jpg.https://img3.doubanio.com/view/photo/sqxs/public/p2914823113.jpg.https://img1.doubanio.com/view/photo/sqxs/public/p2908047489.jpg.https://img3.doubanio.com/view/photo/sqxs/public/p2908039163.jpg,https://vt1.doubanio.com/202501191558/ecd717bef15ea0c003eb87050660ce72/view/movie/M/703180394.mp4
7,https://movie.douban.com/subject/35948807/,7.4,秘密会议,https://img1.doubanio.com/view/photo/s_ratio_poster/public/p2914227928.jpg,2024,"剧情,悬疑,惊悚","英国,美国","英语,意大利语,西班牙语,拉丁语","['2024-08-30', '2024-09-08', '2024-10-25']",120分钟,8820,14.2%.46.3%.34.1%.4.3%.1.0%,红衣主教劳伦斯（拉尔夫·费因斯 Ralph Fiennes 饰）要负责世界上最秘密、最古老的活动：选择新的教皇。而他发现自己处在一起阴谋的正中心，可能撼动教会最深的根基。,"[{""user"": ""\u51b0\u6e56\u5b88\u591c\u4eba"", ""star"": ""40"", ""time"": ""2024-11-02 07:58:15"", ""comments"": ""\u4e3b\u89d2\u7ea2\u8863\u4e3b\u6559\u73ed\u5473\u592a\u91cd\u4e86""}, {""user"": ""momo"", ""star"": ""50"", ""time"": ""2024-11-29 00:11:44"", ""comments"": ""\u7b49\u4e86\u8fd9\u4e48\u4e45\u7ec8\u4e8e\u4e0a\u6d41\u5a92\u4f53\u4e86\uff0c\u867d\u7136\u5267\u60c5\u7455\u75b5\u633a\u591a\u7684\uff0c\u4f46between the certainty\u771f\u7684\u5f88\u7f8e\u5999\u554a\u2026\u2026\u53e6\u5916\u6444\u5f71\u548c\u7f8e\u672f\u592a\u5de5\u6574\u4e86\uff0c\u5bf9\u6211\u7684\u773c\u775b\u6781\u5176\u53cb\u597d\uff0c\u5bf9J\u4eba\u6765\u8bf4\u66f4\u662f\u4e00\u79cd\u9885\u5185\u9ad8\u6f6e\u2026\u2026""}, {""user"": ""\u4f8b\u5982\u8fd9\u53ea\u8749"", ""star"": ""50"", ""time"": ""2024-12-01 21:46:03"", ""comments"": ""\u679c\u7136\u5440\uff01\u90a3\u4e9b\u5e26\u6709\u5973\u6027\u7279\u8d28\u7684\u7537\u6027\u66f4\u6709\u5171\u60c5\u80fd\u529b\uff0c\u66f4\u50cf\u6e29\u548c\u7684\u54fa\u4e73\u52a8\u7269\uff0c\u751f\u7406\u4e0a\u62e5\u6709\u4e24\u6027\u7279\u5f81\u7684\u7537\u6027\u53ef\u8c13\u5723\u6d01\uff01""}, {""user"": ""\u8089\u6c64\u62cc\u996d\u5403\u516b\u7897"", ""star"": ""40"", ""time"": ""2024-10-27 05:40:37"", ""comments"": ""\u6ca1\u60f3\u5230\u80fd\u5728\u5173\u4e8e\u7f57\u9a6c\u6559\u5ef7\u7684\u7535\u5f71\u91cc\u770b\u5230intersex representation\uff0c\u4e0d\u505a\u624b\u672f\u7684\u9009\u62e9\u592a\u597d\u4e86\uff0cthat\u2019s just how god has made them.""}, {""user"": ""\u5f90\u82e5\u98ce"", ""star"": ""40"", ""time"": ""2024-11-28 01:31:00"", ""comments"": ""3.5  \u53cd\u8f6c\u77ed\u5267\u7248\u7d22\u4f26\u8482\u8bfa\uff0c\u6216\u8005\u8bf4\u7f57\u9a6c\u6559\u5ef7\u7248\u7f8e\u56fd\u5927\u9009\u3002\u79d8\u5bc6\u63a8\u9009\u6559\u7687\u7684\u6743\u8c0b\u5bab\u6597\u620f\uff0c\u534e\u4e3d\u89c6\u542c\u4e0b\uff0c\u662f\u8fc7\u4e8e\u77ed\u5e73\u5feb\u7684\u60c5\u8282\u53d1\u5c55\u3002\u4e92\u76f8\u8bcb\u6bc1\u3001\u6cfc\u810f\u6c34\u7684\u653b\u575a\u6218\uff0c\u4e00\u7cfb\u5217\u79bb\u8c31\u64cd\u4f5c\u5230\u6700\u540e\u4e00\u4e2a\u53cd\u8f6c\u7206\u51fa\u6765\u90a3\u523b\uff0c\u77ac\u95f4WTF\u4e86\u3002\u4f46\u600e\u4e48\u8bf4\u5462\uff0c\u79bb\u8c31\u8fc7\u5934\uff0c\u53cd\u800c\u8ba9\u4eba\u611f\u5230\u83ab\u540d\u597d\u770b\ud83e\udd23....\u56de\u8fc7\u5934\u60f3\u60f3\uff0c\u5176\u5b9e\u771f\u662f\u4e00\u4e2a\u9664\u4e86\u201c\u53cd\u8f6c\u7a7a\u67b6\u5b50\u201d\u548c\u201c\u6b63\u786e\u7684\u5e9f\u8bdd\u201d\u5916\uff0c\u51e0\u4e4e\u6beb\u65e0\u8425\u517b\u7684\u7535\u5f71\uff0c\u63a2\u8ba8\u7684\u6240\u6709\u8bae\u9898\u90fd\u5982\u873b\u8713\u70b9\u6c34\u822c\u6ed1\u8fc7\u3002""}]",https://img2.doubanio.com/view/photo/sqxs/public/p2915892811.jpg.https://img3.doubanio.com/view/photo/sqxs/public/p2915892782.jpg.https://img1.doubanio.com/view/photo/sqxs/public/p2915892810.jpg.https://img3.doubanio.com/view/photo/sqxs/public/p2915892783.jpg,https://vt1.doubanio.com/202501191558/b8bcdac6360effc67d3e967c97ae9db7/view/movie/M/703180185.mp4
8,https://movie.douban.com/subject/35956190/,8.0,走走停停,https://img1.doubanio.com/view/photo/s_ratio_poster/public/p2907440658.jpg,2024,"剧情,喜剧,家庭",中国大陆,"汉语普通话,四川话","['2024-06-08', '2024-04-19']",103分钟,298110,26.3%.50.6%.20.4%.2.1%.0.4%,脆皮青年吴迪（胡歌 饰），工作感情双双失意，沮丧返乡。吴迪“突袭”返乡的行为打破了一家人原本平静的生活，他不仅需要重新面对与家人的“亲密”相处，还要为自己的未来寻找更多的可能。在现实面前多番碰壁后，一次偶然的机会下他与高中同学冯柳柳（高圆圆 饰）相遇，随后生活也发生了意想不到的转变。,"[{""user"": ""\u87f9\u591a\u5170"", ""star"": ""30"", ""time"": ""2024-06-08 21:44:21"", ""comments"": ""3.5\u8fd9\u90e8\u7535\u5f71\u5982\u679c\u5728\u7238\u7238\u8865\u62cd\u90a3\u91cc\u7ed3\u675f\u7684\u8bdd\u7edd\u5bf9\u53ef\u4ee5\u7b97\u662f\u5e74\u5ea6\u6700\u4f73\uff01\u4e0d\u8fc7\u201c\u4e09\u5e74\u540e\u201d\u7684\u90e8\u4efd\u771f\u662f\u62d6\u540e\u817f\u2026\u67f3\u67f3\u7684\u8f66\u548c\u5434\u8fea\u7684\u8f66\u8d70\u8d70\u505c\u505c\u3001\u5434\u8fea\u6700\u540e\u6572\u51fb\u952e\u76d8\u5f00\u59cb\u7f16\u5199\u8d70\u8d70\u505c\u505c\u7684\u5267\u672c\u2026\u5929\u5450\u203c\ufe0f\u4ec0\u4e48\u5e74\u4ee3\u4e86\u8fd8\u6709\u8fd9\u4e48\u8001\u571f\u7684\u70b9\u9898\u65b9\u5f0f\uff1f\uff01""}, {""user"": ""\u4e0d\u826f\u751f"", ""star"": ""40"", ""time"": ""2024-06-08 20:04:05"", ""comments"": ""\u6ca1\u62cd\u5b8c\u7684\u7eaa\u5f55\u7247\uff0c\u6ca1\u9001\u51fa\u53bb\u7684\u97f3\u4e50\u4f1a\u95e8\u7968\uff0c\u6ca1\u4fee\u597d\u7684\u624b\u8868\uff0c\u6ca1\u5403\u5b8c\u7684\u7eff\u8c46\u6c64\u65b9\u51b0\u68cd\uff0c\u6ca1\u6765\u5f97\u53ca\u4e70\u7684\u6309\u6469\u6905\uff0c\u6ca1\u5b8c\u6210\u7684\u68a6\u60f3\uff0c\u6ca1\u8bf4\u51fa\u53e3\u7684\u8bdd\u3002\u6709\u4e9b\u6545\u4e8b\u6ca1\u6709\u8bb2\u5b8c\u90a3\u5c31\u7b97\u4e86\u5427\uff0c\u8f66\u5df2\u7ecf\u5f00\u5566\uff0c\u4eba\u751f\u4e0d\u662f\u6bcf\u6bb5\u5173\u7cfb\u90fd\u6765\u5f97\u53ca\u597d\u597d\u544a\u522b\u3002""}, {""user"": ""\u671d\u66ae\u96ea"", ""star"": ""40"", ""time"": ""2024-07-10 22:45:17"", ""comments"": ""\u4ed6\u60f3\u5f53\u7f16\u5267\uff0c\u8bf4\u89c2\u4f17\u8ba4\u53ef\u4ed6\u7684\u70b9\u5b50\uff0c\u7136\u800c\u5f53\u51af\u67f3\u67f3\u63d0\u51fa\u4ed6\u81ea\u5df1\u62cd\u7684\u65f6\u5019\uff0c\u4ed6\u7684\u7b2c\u4e00\u53cd\u5e94\u662f\u8fd9\u4e0d\u73b0\u5b9e\u3002\n\u4ed6\u60f3\u9001\u6bcd\u4eb2\u4e00\u53f0\u6309\u6469\u6905\uff0c\u4e00\u76f4\u7b49\u6309\u6469\u6905\u964d\u4ef7\uff0c\u7ec8\u4e8e\u7b49\u5230\u6253\u4e94\u6298\u4e86\uff0c\u6bcd\u4eb2\u5df2\u7ecf\u8d70\u4e86\u3002\n\u4ed6\u60f3\u8bf7\u51af\u67f3\u67f3\u53bb\u770b\u97f3\u4e50\u4f1a\uff0c\u4ed6\u660e\u660e\u770b\u5230\u5bf9\u65b9\u6b63\u5728\u8f93\u5165\uff0c\u8bf4\u4e0d\u5b9a\u51af\u67f3\u67f3\u4e5f\u60f3\u7ea6\u4ed6\uff0c\u6700\u7ec8\u4ed6\u8fd8\u662f\u6ca1\u6709\u628a\u5fae\u4fe1\u53d1\u51fa\u53bb\u3002\n\u540e\u6765\u4ed6\u770b\u5230\u51af\u67f3\u67f3\u518d\u5a5a\u7684\u65f6\u5019\uff0c\u4ed6\u4f1a\u4e0d\u4f1a\u60f3\uff1a\u5982\u679c\u5f53\u65f6\u6211\u70b9\u4e86\u53d1\u9001\uff0c\u7ed3\u679c\u4f1a\u4e0d\u4f1a\u4e0d\u4e00\u6837\uff1f\n\u6700\u53cd\u5bf9\u4ed6\u62cd\u7535\u5f71\u7684\u7236\u4eb2\uff0c\u6700\u540e\u5e2e\u4ed6\u5b8c\u6210\u4e86\u7535\u5f71\u3002\n\u597d\u4e0d\u5bb9\u6613\u628a\u7535...""}, {""user"": ""\u9ed1\u72d7\u6210"", ""star"": ""40"", ""time"": ""2024-04-19 22:16:21"", ""comments"": ""\u5bfc\u6f14\u7684\u6536\u5c3e\u80fd\u529b\uff0c\u5185\u5730\u65b0\u5bfc\u6f14\u5934\u90e8\u6c34\u5e73\u3002""}, {""user"": ""\u9986\u9986"", ""star"": ""40"", ""time"": ""2024-06-08 20:47:57"", ""comments"": ""\u662f\u6211\u80fdget\u7684\u5e7d\u9ed8\u611f\uff0c\u5c31\u50cf\u5988\u5988\u8bf4\u201c\u4ed6\u8fd9\u8f88\u5b50\u770b\u8d77\u6765\u5c31\u4e0d\u662f\u5f88\u6210\u529f\uff0c\u4f46\u6211\u4eec\u90fd\u5f88\u6000\u5ff5\u8fd9\u4e2a\u4eba\u201d\uff0c\u8fd9\u90e8\u7535\u5f71\u770b\u8d77\u6765\u4e0d\u662f\u591a\u725b\u903c\uff0c\u4f46\u6211\u5f88\u559c\u6b22\uff0c\u90a3\u6bb5\u5835\u8f66\u6709lalaland\u7684\u611f\u89c9\u4e86\n\u6700\u540e\uff0c\u606d\u559c\u6c5f\u7f8e\u73b2\u5973\u58eb\u83b7\u5956\uff01\u5f97\u507f\u6240\u613f\ud83c\udf89\n\uff08\u8c46\u74e3\u80fd\u4e0d\u80fd\u628a\u89d2\u8272\u540d\u5b57\u5199\u4e0a\u554a\uff0c\u5979\u4e0d\u662f\u65e0\u540d\u65e0\u59d3\u7684\u5434\u8fea\u5988\u5988\uff0c\u5979\u53eb\u6c5f\u7f8e\u73b2\uff0c\u957f\u6c5f\u7684\u6c5f\uff0c\u7f8e\u4e3d\u7684\u7f8e\uff0c\u738b\u5b57\u65c1\u7684\u73b2\uff0c\u5c0a\u91cd\u4e00\u4e0b\u7535\u5f71\u597d\u5427\uff09""}]",https://img9.doubanio.com/view/photo/sqxs/public/p2910531214.jpg.https://img1.doubanio.com/view/photo/sqxs/public/p2908584239.jpg.https://img2.doubanio.com/view/photo/sqxs/public/p2906204251.jpg.https://img1.doubanio.com/view/photo/sqxs/public/p2909141340.jpg,https://vt1.doubanio.com/202501191558/beab8aef8ee6fcbdb7241d3b5f0b17d7/view/movie/M/703160286.mp4
9,https://movie.douban.com/subject/36328210/,8.8,姥姥的外孙,https://img1.doubanio.com/view/photo/s_ratio_poster/public/p2911511570.jpg,2024,剧情,泰国,"泰语,潮州话","['2024-08-23', '2024-04-04']",127分钟,246206,53.1%.37.6%.8.5%.0.7%.0.3%,出身泰国华人家庭的无业年轻人阿安（马群耀 饰）看到堂妹因照顾病重的爷爷而继承房产后，也对身患绝症的姥姥（乌萨·萨梅坎姆 饰）动了心思，计划复刻堂妹的“致富之路”获取百万遗产。但面对同样“努力”的舅舅们和挑剔毒舌的姥姥，阿安这条争当全职孝孙的“啃姥致富”之路似乎没有他预想的那么顺利……,"[{""user"": ""\u4e00\u68f5\u82b9\u83dc"", ""star"": ""10"", ""time"": ""2024-07-27 09:59:53"", ""comments"": ""\u4e0d\u80fd\u518d\u5dee\u4e86 \u672c\u8d28\u662f\u4e00\u4e2a\u52a0\u957f\u7535\u89c6\u5267 \u79f0\u4e0d\u4e0a\u662f\u7535\u5f71 \u800c\u4e14\u5267\u60c5\u800c\u8a00 \u59e5\u59e5\u56e0\u4e3a\u662f\u5973\u6027\u6240\u4ee5\u5565\u4ec0\u4e48\u90fd\u6ca1\u7ee7\u627f\u5230 \u7ed3\u679c\u81ea\u5df1\u6b7b\u7684\u65f6\u5019\u4e5f\u9009\u62e9\u5565\u90fd\u7559\u7ed9\u513f\u5b50\u4e0d\u7ed9\u5973\u513f \u8fd9\u7a76\u7adf\u6709\u4ec0\u4e48\u597d\u54ed\u7684\u6211\u8bf7\u95ee ""}, {""user"": ""\u5927\u53f7\u714e\u997c"", ""star"": ""40"", ""time"": ""2024-07-13 18:27:10"", ""comments"": ""\u4f60\u4e0d\u62cd\uff0c\u6211\u4e0d\u62cd\uff0c\u201c\u534e\u4eba\u6587\u5316\u201d\u8001\u5916\u62cd""}, {""user"": ""momo"", ""star"": ""50"", ""time"": ""2024-06-02 02:58:20"", ""comments"": ""\u679c\u7136\u53ea\u8981\u662f\u534e\u4eba\u5c31\u6709\u673a\u7387\u51fa\u73b0\u7684\u7ecf\u5178\u5bb6\u5ead\uff1a\u4e0d\u7ba1\u513f\u5b50\u5982\u4f55\u81ea\u79c1\u6ca1\u6709\u826f\u5fc3\uff0c\u5988\u5988\u6c38\u8fdc\u504f\u8892\u7684\u662f\u513f\u5b50\uff1b\u4e0d\u7ba1\u5973\u513f\u5982\u4f55\u7167\u987e\uff0c\u6700\u591a\u53ea\u4f1a\u6362\u6765\u4e00\u53e5\u5938\u5956\u7136\u540e\u5b9e\u5b9e\u5728\u5728\u7684\u9057\u4ea7\u4f9d\u65e7\u6ca1\u8003\u8651\u5230\u5979\u3002\u6700\u6050\u6016\u7684\u4e8b\u662f\uff1a\u5988\u5988\u4e5f\u66fe\u662f\u81ea\u5df1\u5bb6\u5ead\u5982\u6b64\u8fd9\u822c\u7684\u53d7\u5bb3\u8005\u2026\n\u6211\u611f\u52a8\u7684\u70b9\u4ece\u6765\u4e0d\u662f\u4eb2\u60c5\uff0c\u6211\u627f\u8ba4\u6216\u8bb8\u548c\u6211\u7684\u7ecf\u5386\u6709\u5173\uff0c\u4f46\u66f4\u76f4\u767d\u7684\u539f\u56e0\u662f\u4ece\u8fd9\u4e2a\u89d2\u5ea6\u51fa\u53d1\u6211\u6839\u672c\u611f\u52a8\u4e0d\u4e86\u4e00\u70b9\u3002\u6211\u611f\u52a8\u7684\u4ece\u6765\u90fd\u662f\u963f\u5b37\u672c\u8eab\uff1a\u5979\u9762\u5bf9\u5316\u7597\u8131\u53d1\u5e26\u6765\u7684\u6050\u60e7\u548c\u60b2\u4f24\uff0c\u5728\u591c\u665a\u88ab\u75bc\u75db\u6298\u78e8\u65f6\u8bf7\u6c42\u7236\u6bcd\u5e26\u5979\u8d70...""}, {""user"": ""D"", ""star"": ""50"", ""time"": ""2024-06-20 23:56:20"", ""comments"": ""\u5a46\u5a46\u5c31\u7b97\u6ca1\u94b1\u4e70\u5893\u5730\u4e5f\u6ca1\u60f3\u8fc7\u52a8\u7ed9\u5916\u5b59\u7684\u4e00\u767e\u4e07\ud83d\udc94""}, {""user"": ""\u6797\u963f\u6d77"", ""star"": ""50"", ""time"": ""2024-08-17 21:07:42"", ""comments"": ""\u54ed\u4e0d\u662f\u56e0\u70ba\u611f\u52d5 \u800c\u662f\u7167\u4e86\u93e1\u5b50""}]",https://img9.doubanio.com/view/photo/sqxs/public/p2907557525.jpg.https://img9.doubanio.com/view/photo/sqxs/public/p2905125686.jpg.https://img1.doubanio.com/view/photo/sqxs/public/p2907756760.jpg.https://img1.doubanio.com/view/photo/sqxs/public/p2908082188.jpg,https://vt1.doubanio.com/202501191558/601675c5d92b5dcffcd291651c89abad/view/movie/M/703170272.mp4
10,https://movie.douban.com/subject/35936983/,7.8,超级无敌掌门狗：企鹅的复仇,https://img9.doubanio.com/view/photo/s_ratio_poster/public/p2914283404.jpg,2024,"喜剧,动画,冒险",英国,英语,"['2024-10-27', '2024-12-25', '2025-01-03']",75分钟,2606,22.9%.44.7%.30.1%.1.8%.0.5%,阿德曼动画四次荣获奥斯卡金像奖的导演尼克·帕克和荣获艾美奖提名的梅林·科罗星汉带着全新大冒险《超级无敌掌门狗：最强复仇鹅》重磅回归。在新电影中，阿高担心华莱士过于依赖他的发明——而当华莱士发明了一个似乎拥有自己思想的“聪明”小矮人时，这种担心得到了证实。人们发现一个来自过去的复仇人物可能在策划这一切，而阿高必须与邪恶势力作斗争，拯救他的主人，否则华莱士的发明之路可能就到此为止了！,"[{""user"": ""\u963f\u4f73\u59ae\u7687\u540e"", ""star"": ""40"", ""time"": ""2024-12-19 23:07:19"", ""comments"": ""7\u2b50 \u8fd8\u662f\u559c\u6b22\u7684\u90a3\u4e2a\u5473\uff01\u6ca1\u6709\u56e0\u4e3a\u73b0\u4ee3\u6280\u672f\u5931\u53bb\u5b83\u7684\u9ecf\u571f\u6c14\u606f\uff08\u751a\u81f3\u8bb2\u79d1\u6280\u9898\u6750\u90fd\u662f\u673a\u5668\u4eba\u800c\u975eAI\uff09\u3002Gromit\u4e0d\u80fd\u8bf4\u8bdd\u5176\u5b9e\u662f\u73b0\u4ee3\u7684\u9ed8\u7247\u7535\u5f71\uff08\u7c7b\u4f3c\u732b\u548c\u8001\u9f20\uff09\uff0c\u53cd\u6d3e\u4f01\u9e45\u66f4\u7edd\u751a\u81f3\u6ca1\u6709\u8868\u60c5\u7b97\u662f\u5e93\u91cc\u8096\u592b\u5b9e\u9a8c\u7684\u53d8\u4f53\u3002\u5bf9\u7cfb\u5217\u5f71\u8ff7\u800c\u8a00\u672c\u7247\u547c\u5e94\u524d\u4f5c\uff0c\u8fd8\u6709\u5404\u79cd\u5f69\u86cb\u3002\u6444\u5f71\u591a\u7528\u8377\u5170\u89d2\uff08\u8fd8\u6709\u4ece\u67d0\u4e00\u89d2\u5ea6\u8f6c\u5230\u53e6\u4e00\u89d2\u5ea6\uff09\u548cDolly Zoom\uff0c\u7ecf\u5178\uff08\u8001\u6d3e\uff09\u53d9\u4e8b\u6280\u6cd5\u7684\u4f7f\u7528\u4e5f\u5f88\u7b26\u5408\u6211\u5bf9\u82f1\u56fd\u4f6c\u7684\u523b\u677f\u5370\u8c61\u3002\nps.Acton Deck\u5230\u5e95\u662f...""}, {""user"": ""Cap.Mainwaring"", ""star"": ""40"", ""time"": ""2024-12-26 13:30:20"", ""comments"": ""\u5750\u4e8631\u5e74\u7262\u7684Feathers\u9003\u51fa\u751f\u5929\uff0c\u8a93\u8981\u593a\u56de\u7a83\u53d6\u7684\u5b9d\u7269\u2026\u2026\u753b\u9762\u5904\u7406\u66f4\u7cbe\u81f4\uff0c\u5c11\u4e86\u9ecf\u571f\u5b9a\u683c\u7684\u7c97\u7cd9\u590d\u53e4\u611f\u5916\uff0c\u5267\u60c5\u8bbe\u8ba1\u7a0d\u663e\u523b\u610f\uff0c\u4e3b\u89d2\u51e0\u5341\u5e74\u4e0d\u53d8\u7684\u601d\u8003\u65b9\u5f0f\u53ea\u80fd\u5f15\u8d77\u8001\u89c2\u4f17\u5171\u9e23\uff0c\u4e5f\u6709\u540c\u5382\u8001\u670b\u53cbcameo\u3002\u60c5\u6000\u5927\u4e8e\u4e00\u5207\uff0c\u795d\u963f\u5fb7\u66fc\u7ee7\u5f80\u5f00\u6765\uff0c\u5f00\u53d1\u66f4\u591a\u7ecf\u5178\u5427\uff01""}, {""user"": ""LionKing"", ""star"": ""20"", ""time"": ""2025-01-02 22:54:42"", ""comments"": ""\u4e0d\u96be\u770b\uff0c\u4f46\u5c31\u662f\u4e00\u4e2a\u5f88\u666e\u901a\u7684\u513f\u7ae5\u7535\u5f71\u4e86\uff0c\u6ca1\u6709\u4ee5\u524d\u770b\u7684\u60ca\u559c\u611f\u4e86""}, {""user"": ""\u4e00\u689d\u9b5a\u4f54\u6eff\u4e86\u6cb3"", ""star"": ""30"", ""time"": ""2025-01-03 01:21:33"", ""comments"": ""\u662f\u300a\u8d85\u7d1a\u7121\u6575\u638c\u9580\u72d7\uff1a\u5f15\u9d5d\u5165\u5ba4\u300b\u6642\u969431\u5e74\u5f8c\u7684\u6545\u4e8b\u5ef6\u7e8c\uff0c\u53ea\u662f\u9019\u4e00\u90e8\u4e26\u6c92\u6709\u8b93\u4f01\u9d5d\u7684\u6545\u4e8b\u843d\u5e55\uff0c\u53cd\u800c\u7559\u4e0b\u4e86\u7e8c\u96c6\u7684\u61f8\u5ff5\uff0c\u9019\u6a23\u7684\u64cd\u4f5c\u5176\u5be6\u4e26\u4e0d\u592a\u50cf\u963f\u5fb7\u66fc\u5de5\u4f5c\u5ba4\u4e00\u8cab\u7368\u7acb\u6210\u7ae0\u7684\u98a8\u683c\u3002\u4e0d\u77e5\u9053Nick Park\u548cMark Burton\u662f\u5426\u662f\u5e74\u7d00\u5927\u4e86\uff0c\u9019\u4e00\u90e8\u7684\u5287\u672c\u5dee\u5f37\u4eba\u610f\uff0c\u79d1\u6280\u5371\u6a5f\u7684\u4e3b\u984c\u986f\u5f97\u8001\u5957\uff0c\u800c\u4e14\u9019\u4e00\u90e8\u83ef\u840a\u58eb\u7684\u6e23\u7537\u4eba\u8a2d\uff0c\u7b2c\u4e00\u5e55\u770b\u5f97\u6211\u4e00\u6574\u500b\u70ba\u963f\u9ad8\u4e0d\u503c\uff0c\u7d50\u5c40\u5373\u4fbf\u662f\u6240\u8b02\u7684\u5927\u5718\u5713\u7d50\u5c40\uff0c\u4e5f\u7d66\u4eba\u4e00\u7a2e\u6709\u4e8b\u9418\u7121\u8277\u3001\u7121\u4e8b\u590f\u8fce\u6625\u7684\u5225\u626d\u611f...""}, {""user"": ""Lebowski2666"", ""star"": ""50"", ""time"": ""2024-12-26 03:36:33"", ""comments"": ""\u5e74\u5ea6\u6700\u4f73\uff01\uff01\uff01\u7535\u5f71\u4e4b\u795e\u518d\u6b21\u964d\u4e34\u3002""}]",https://img9.doubanio.com/view/photo/sqxs/public/p2914283506.jpg.https://img9.doubanio.com/view/photo/sqxs/public/p2914283474.jpg.https://img2.doubanio.com/view/photo/sqxs/public/p2914283471.jpg.https://img3.doubanio.com/view/photo/sqxs/public/p2917311822.jpg,https://vt1.doubanio.com/202501191558/1b166aa75e03f458aaccd64f43d9b0e0/view/movie/M/703180720.mp4
11,https://movie.douban.com/subject/34960078/,8.0,变形金刚：起源,https://img9.doubanio.com/view/photo/s_ratio_poster/public/p2912407834.jpg,2024,"动作,科幻,动画,冒险",美国,英语,"['2024-09-27', '2024-09-07', '2024-09-20']",104分钟,73990,25.5%.49.9%.22.4%.1.9%.0.4%,故事发生在变形金刚的母星塞伯坦，聚焦变形金刚的青年时代，讲述汽车人领袖擎天柱（克里斯·海姆斯沃斯 Chris Hemsworth 配音）与霸天虎领袖威震天（布莱恩·泰里·亨利 Brian Tyree Henry 配音）从手足走向反目的故事，打响旷日持久的塞伯坦之战。,"[{""user"": ""\u770b\u7535\u5f71\u9003\u907f\u73b0\u5b9e"", ""star"": ""40"", ""time"": ""2024-09-30 22:28:01"", ""comments"": ""\u6751\u5b50\u91cc\u4e00\u5bf9\u5355\u7eaf\u7684\u4e0d\u9508\u94a2\u5144\u5f1f\uff0c\u8bef\u6253\u8bef\u649e\u8fdb\u4e86\u8d9f\u57ce\uff0c\u7a81\u7136\u53d1\u73b0\u6751\u957f\u7adf\u7136\u5403\u91cc\u6252\u5916\uff0c\u53d8\u5356\u96c6\u4f53\u8d22\u4ea7\u3002\u54e5\u4fe9\u7acb\u5fd7\u8981\u6539\u53d8\u5bb6\u4e61\u9762\u8c8c\uff0c\u56e2\u7ed3\u4e00\u81f4\u6597\u5730\u4e3b\u3002\u5c31\u5728\u4ed6\u4eec\u6210\u529f\u8d76\u8d70\u5730\u4e3b\u540e\uff0c\u5206\u6b67\u5374\u6765\u4e86\u3002\u4e00\u4e2a\u8981\u8d70\u8d44\u672c\u4e3b\u4e49\u8def\u7ebf\uff0c\u4e00\u4e2a\u8981\u8d70\u793e\u4f1a\u4e3b\u4e49\u8def\u7ebf\u3002\u6700\u7ec8\uff0c\u4e24\u5144\u5f1f\u8fd8\u662f\u5206\u9053\u626c\u9573\u4e86\u3002""}, {""user"": ""\u5f20\u534e\u5f25"", ""star"": ""40"", ""time"": ""2024-09-27 20:41:29"", ""comments"": ""\u6362\u4e86\u9886\u5bfc\u6a21\u5757\u540e\u55d3\u97f3\u4e5f\u6362\u4e86\uff0c\u6240\u4ee5\u9886\u5bfc\u6a21\u5757\u662f\u4e2a\u58f0\u5361\u3002""}, {""user"": ""\u81ea\u7531\u4e4b\u7ffc"", ""star"": ""40"", ""time"": ""2024-09-27 20:51:41"", ""comments"": ""\u585e\u4f2f\u5766\u7684\u5171\u4ea7\u4e3b\u4e49\u5ba3\u8a00\uff0c\u65af\u5927\u6797\u548c\u6258\u6d1b\u8328\u57fa\u7684\u5206\u9053\u626c\u9573\uff0c\u7f8e\u4e2d\u4e0d\u8db3\u662f\u7a0d\u5e7c\u7a1a\u3001\u7c97\u66b4\u3001\u76f4\u7ed9\u548c\u5306\u5fd9\u4e86\u3002\u4e8b\u5b9e\u4e0a\uff0c\u73b0\u5b9e\u4e16\u754c\u4e0d\u4f1a\u6709\u65e0\u9650\u80fd\u6e90\uff0c\u4eba\u4e0d\u80fd\u628a\u5e0c\u671b\u5bc4\u6258\u4e8e\u4e00\u4e2a\u5b8c\u7f8e\u9886\u8896\u7684\u51fa\u73b0\uff0c\u82e6\u903c\u6316\u77ff\u624d\u66f4\u63a5\u8fd1\u73b0\u5b9e\u3002""}, {""user"": ""\u540c\u5fd7\u4ea6\u51e1\u4eba\u4e2d\u6587\u7ad9"", ""star"": ""40"", ""time"": ""2024-09-07 17:13:55"", ""comments"": ""\u5356\u62f7\u8d1d\u628a\u771f\u4eba\u7248\u641e\u6210\u4e86\u4e00\u5768\u5768\u5927\u4fbf\uff0c\u52a8\u753b\u53ea\u80fd\u53e6\u8d77\u7089\u7076\uff0c\u4ece\u4e0d\u80fd\u53d8\u5f62\u7684\u53d8\u5f62\u91d1\u521a\u62cd\u8d77\u3002\u8d77\u6e90\u662f\u5047\u7684\uff0c\u770b\u5e74\u8f7b\u64ce\u5929\u67f1\u548c\u5a01\u9707\u5929\u76f8\u7231\u76f8\u6740\u624d\u662f\u771f\u7684\u3002\u6240\u4ee5\u67f1\u54e5\u6ca1\u6234\u53e3\u7f69\u524d\u662f\u8fd9\u4e48\u6b22\u8131\u7684\u6027\u683c\uff0c\u5b8c\u4e86\u6ee4\u955c\u788e\u6389\u540e\u6709\u70b9\u60f3\u8131\u7c89...""}, {""user"": ""Sgt.Pepper"", ""star"": ""30"", ""time"": ""2024-09-16 15:51:03"", ""comments"": ""\u5de5\u4eba\u9636\u7ea7\u9769\u547d\u8def\u5f84\u7684\u4e0d\u540c\u9009\u62e9\u3002""}]",https://img3.doubanio.com/view/photo/sqxs/public/p2913448717.jpg.https://img1.doubanio.com/view/photo/sqxs/public/p2913293650.jpg.https://img9.doubanio.com/view/photo/sqxs/public/p2913448715.jpg.https://img1.doubanio.com/view/photo/sqxs/public/p2912429420.jpg,https://vt1.doubanio.com/202501191558/bca84cad4e67a5f3883d75d85b89edd2/view/movie/M/703180091.mp4
12,https://movie.douban.com/subject/36363001/,6.7,名侦探柯南：百万美元的五棱星,https://img9.doubanio.com/view/photo/s_ratio_poster/public/p2911723556.jpg,2024,"动画,悬疑,犯罪",,日本,"['2024-08-16', '2024-04-12']",111分钟,79940,9.6%.31.1%.46.6%.10.9%.1.8%,"怪盗基德的预告信出现在了北海道函馆，斧江财阀的收藏库中。这次基德将要盗走的是，江戸幕府时期新选组副长土方岁三的日本刀。向来追逐奢华宝石的怪盗基德，居然会看上刀？
                                    
                                　　此时，被称作西部名侦探的服部平次和柯南一行人，也因为剑道大会来到了函馆，在基德执行预告的当日，平次看穿了基德的伪装并对其穷追不舍！
                                    
                                　　同一时间，一具尸体在函馆仓库街被发现，尸体的胸口有一个十字伤口。搜查中，出现了一位被叫做“死之商人”的活跃于亚洲一带的美籍日裔军火商。这个人一直在寻找斧江家初代家主藏在函馆的宝藏。斧江家江戸幕府战争时代深耕军需产业，传说那宝藏是能扭转幕末纷争的强力武器，而这宝藏似乎和基德追逐欲盗取的刀有着千丝万缕的联系。在基德瞄准刀的同时，有一位剑士也在向基德逼近……","[{""user"": ""kakakarl"", ""star"": ""20"", ""time"": ""2024-04-27 14:01:59"", ""comments"": ""\u770b\u4e86\u8fd9\u4e48\u591a\u5e74\u7684\u67ef\u5357\uff0c\u8fd8\u662f\u4f1a\u88ab\u5b83\u79bb\u8c31\u7684\u60c5\u8282\u9707\u60ca\u5230\u554a\u2026\u2026\r\u7f06\u8f66\u7ef3\uff0c\u98de\u673a\u7ffc\u2026\u2026\u6c64\u59c6\u514b\u9c81\u65af\u90fd\u4e0d\u6562\u8fd9\u4e48\u641e\u5427\uff1f\uff01\r\u8fd8\u6709\u9ed1\u7fbd\u5feb\u6597\u548c\u5de5\u85e4\u65b0\u4e00\u7684\u5173\u7cfb\u4e5f\u662f\u88ab\u521b\u5230\u4e86\uff0c\u9752\u5b50\u548c\u5c0f\u5170\u4e5f\u5f88\u50cf\uff0c73\u4f60\u8fd8\u60f3\u548b\u641e\uff1f\uff01\r""}, {""user"": ""\u6234\u5b89\u5a1c\u666e\u6797\u65af"", ""star"": ""30"", ""time"": ""2024-04-12 11:47:37"", ""comments"": ""\u6ed1\u677f\u8d70\u94a2\u4e1d\u662f\u5427\uff0c\u592a\u67ef\u5b66\u4e86""}, {""user"": ""\u97e6\u65af\u5b89\u5f92\u751f"", ""star"": ""30"", ""time"": ""2024-08-16 14:00:27"", ""comments"": ""\u6848\u4ef6\u53ea\u662f\u65e0\u8db3\u8f7b\u91cd\u7684\u80cc\u666f\u677f\uff0c\u8fd9\u90e8\u7684\u91cd\u70b9\u5c31\u662f\u5404\u79cd\u6392\u5217\u7ec4\u5408CP\u5927\u6742\u70e9\u5927\u5356\u7279\u5356\uff0c\u8150\u4e5f\u5356\uff0c\u59ec\u4e5f\u5356\uff0c\u7537\u7537\u5973\u5973\u5168\u90fd\u5356\u3002""}, {""user"": ""\u53f3\u4eac"", ""star"": ""30"", ""time"": ""2024-04-12 14:47:56"", ""comments"": ""\u5927\u5bb6\u662f\u4e0d\u662f\u90fd\u5fd8\u4e86\u4ef6\u4e8b\u60c5\uff1a\u670d\u90e8\u5e73\u6b21\u7684\u521d\u543b\u88ab\u626e\u6210\u4ed6\u5973\u53cb\u8fdc\u5c71\u548c\u53f6\u6837\u5b50\u7684\u9ed1\u7fbd\u5feb\u6597\u7ed9\u62ff\u8d70\u4e86\u3002\u8fd8\u6709\u4ef6\u91cd\u8981\u7684\u4e8b\u60c5\uff1a\u8fd9\u5e94\u8be5\u4e5f\u662f\u9ed1\u7fbd\u5feb\u6597\u672c\u4eba\u7684\u521d\u543b\u2026\u5427\u300273\u8ba4\u8bc1\u7684\u5e73\u5feb\uff0c\u4f60\u4eec\u8fd8\u7b49\u4ec0\u4e48\u5462\u3002""}, {""user"": ""Kumilynn\ud83e\uddc0"", ""star"": ""30"", ""time"": ""2024-04-12 21:25:24"", ""comments"": ""\u8bba\u67ef\u54c0\u662f\u600e\u4e48\u5728\u53ea\u6709\u4e00\u53e5\u5bf9\u767d\u7684\u620f\u4efd\u4e0b\u5c55\u73b0\u8001\u592b\u8001\u59bb\u611f\u7684www\uff08\u600e\u4e48\u5267\u573a\u7248\u91cc\u8fd8\u6709\u8fd9\u4e48\u591a\u4f5c\u753b\u5d29\u574f\uff0c\u53bb\u5e74\u7684\u94b1\u8d5a\u8c01\u53e3\u888b\u4e86""}]",https://img9.doubanio.com/view/photo/sqxs/public/p2911842385.jpg.https://img3.doubanio.com/view/photo/sqxs/public/p2901471842.jpg.https://img1.doubanio.com/view/photo/sqxs/public/p2901471850.jpg.https://img3.doubanio.com/view/photo/sqxs/public/p2901471843.jpg,https://vt1.doubanio.com/202501191558/cf7940100f91be5da6c909e07880fe7a/view/movie/M/703170558.mp4
13,https://movie.douban.com/subject/36467821/,8.4,蜗牛回忆录,https://img1.doubanio.com/view/photo/s_ratio_poster/public/p2915760420.jpg,2024,"剧情,动画",澳大利亚,"英语,法语","['2024-06-10', '2024-10-17']",95分钟,7557,38.7%.45.5%.13.9%.1.2%.0.7%,喜欢收集蜗牛的女孩格蕾丝（莎拉·斯努克 Sarah Snook 配音）在被迫与双胞胎吉尔伯特（柯蒂·斯密特-麦菲 Kodi Smit-McPhee 配音）分开后，结识了古怪的老奶奶萍奇（杰基·韦佛 Jacki Weaver 配音），逐渐找到新的希望和快乐。,"[{""user"": ""\u5e94\u660c\u5148\u751f"", ""star"": ""50"", ""time"": ""2024-08-31 21:13:52"", ""comments"": ""Melbourne Power\uff01\u5168\u7ec4\u4eba\u5458\u90fd\u6765\u81ea\u58a8\u5c14\u672c\u6216\u8005\u90bb\u8fd1\u7ef4\u5dde\u5730\u533a\uff0c\u9884\u7b97\u6765\u81ea\u7ef4\u5dde\u653f\u5e9c\u62e8\u6b3e\u548c\u58a8\u5c14\u672c\u7535\u5f71\u8282\u8d44\u91d1\u3002\u5bfc\u6f14\u7b11\u8c08\u201c\u8fd9\u90e8\u7247\u5b50\u662f\u7eb3\u7a0e\u4eba\u6295\u8d44\u7684\u201d\u3002\u4ed6\u7684\u524d\u4f5c\u8fd8\u662fn\u5e74\u524d\u7684\u300aMary and Max\u300b\uff0c\u800c\u6ee1\u6253\u6ee1\u7b97\u8fd9\u5c45\u7136\u53ea\u662f\u6fb3\u6d32\u7b2c\u4e09\u90e8\u9ecf\u571f\u52a8\u753b\u7535\u5f71\u3002\u5f88\u670d\uff0c\u9ecf\u571f\u5b9a\u683c\u786e\u5b9e\u592a\u8017\u795e\u8d39\u5fc3\u4e86\u3002\u597d\u83b1\u575e\u79c3\u9e6b\u90fd\u8d70\u4e86\uff0c\u7559\u4e0b\u6765\u7684\u90fd\u662f\u8654\u8bda\u7684\u827a\u672f\u5bb6\u3002\u4e0d\u771f\u8bda\u7684\u6865\u6bb5\u6ca1\u6cd5\u5728\u9ecf\u571f\u4e2d\u5b58\u6d3b\uff0c\u53ea\u6709\u8d64\u8bda\u7684\u6545\u4e8b\u624d\u4f1a\u968f\u7740\u89d2\u8272\u4eec\u8138\u4e0a\u7684\u6307\u7eb9\u547c\u5438\u3002""}, {""user"": ""\u8001\u674e"", ""star"": ""40"", ""time"": ""2025-01-19 15:51:54"", ""comments"": ""250119\uff0c1080p\u3002\u5a13\u5a13\u9053\u6765\u7684\u53d7\u4f24\u75ca\u6108\u5f55""}, {""user"": ""\u4eb5\u6e0e\u7535\u5f71"", ""star"": ""40"", ""time"": ""2024-11-26 01:22:07"", ""comments"": ""\u50cf\u300a\u739b\u4e3d\u548c\u9a6c\u514b\u601d\u300b\u4e00\u6837\u7cbe\u5f69\uff0c\u8fd9\u6b21\u662f\u201c\u683c\u857e\u4e1d\u548c\u8001\u5976\u5976\u840d\u5947\u201d\uff0c\u5168\u7a0b\u7528\u683c\u857e\u4e1d\u7684\u65c1\u767d\u8bb2\u6545\u4e8b\uff0c\u6545\u4e8b\u7684\u7ec6\u8282\u5199\u5f97\u975e\u5e38\u7cbe\u5f69\uff0c\u50cf\u6210\u5806\u7684\u8717\u725b\u201c\u5783\u573e\u201d\uff0c\u8001\u5976\u5976\u7684\u767e\u5b9d\u7bb1\uff0c\u7238\u7238\u7684\u9aa8\u7070\u548c\u5b9a\u683c\u52a8\u753b\uff0c\u53cc\u80de\u80ce\u5f1f\u5f1f\u7684\u6027\u53d6\u5411\u548c\u65e0\u6cd5\u9003\u79bb\u7684\u90aa\u6559\u519c\u573a\uff0c\u683c\u857e\u4e1d\u88ab\u8717\u725b\u56e4\u79ef\u7656\u56f0\u4f4f\u7684\u4eba\u751f\uff0c\u6bcf\u4e00\u4e2a\u7ec6\u8282\u90fd\u503c\u4e00\u516c\u5347\u7684\u773c\u6cea\uff01""}, {""user"": ""Marutvat"", ""star"": ""30"", ""time"": ""2024-10-22 13:14:43"", ""comments"": ""\u88ab\u5acc\u5f03\u7684Grace\u7684\u6551\u8d4e""}, {""user"": ""\u5c71\u53ec\u4e88"", ""star"": ""40"", ""time"": ""2024-06-11 04:30:15"", ""comments"": ""\u975e\u5e38\u8d5a\u773c\u6cea\u7684\u4e00\u90e8\u7247\uff0c\u6574\u4f53\u5c31\u50cf\u662f\u8001\u5976\u5976\u5728\u8bb2\u6545\u4e8b\uff0c\u542c\u4e0a\u53bb\u603b\u662f\u6beb\u65e0\u60ac\u5ff5\u4f46\u662f\u5c31\u662f\u5fcd\u4e0d\u4f4f\u4f1a\u542c\u4e0b\u53bb\u3002""}]",https://img3.doubanio.com/view/photo/sqxs/public/p2910074412.jpg.https://img9.doubanio.com/view/photo/sqxs/public/p2912779485.jpg.https://img3.doubanio.com/view/photo/sqxs/public/p2906544272.jpg.https://img2.doubanio.com/view/photo/sqxs/public/p2910074411.jpg,https://vt1.doubanio.com/202501191558/67afed98c94ca3e99d1ccaf585cd54e8/view/movie/M/703170600.mp4
14,https://movie.douban.com/subject/26596871/,5.7,诺斯费拉图,https://img9.doubanio.com/view/photo/s_ratio_poster/public/p2913197816.jpg,2024,"悬疑,恐怖,奇幻",美国,"英语,德语,罗马尼亚语,俄语",['2024-12-25'],132分钟,1364,5.9%.18.3%.40.4%.25.3%.10.1%,影片讲述了一个哥特故事，被鬼附身的年轻女子艾伦·亨特（莉莉-罗丝·德普 饰）和迷恋她的可怕的吸血鬼伯爵（比尔·斯卡斯加德 饰）之间的痴恋，造成了难以言喻的恐怖。,"[{""user"": ""gia"", ""star"": ""20"", ""time"": ""2024-12-25 15:38:29"", ""comments"": ""\u54c8\u54c8\u54c8\u60ca\u60c5\u56db\u767e\u5e74\u4e4b\u52a0\u6599\u52a0\u81ed\u7248 Bill\u6211\u6c42\u6c42\u4f60\u6f14\u70b9\u4eba\u5427""}, {""user"": ""\u76d0\u6c34\u4e27\u68d2\u51b0"", ""star"": ""30"", ""time"": ""2024-12-29 09:26:58"", ""comments"": ""\u4f5c\u4e3a\u7ef4\u591a\u5229\u4e9a\u65f6\u671f\u54e5\u7279\u98ce\u683c\u72c2\u70ed\u7231\u597d\u8005\u8fd9\u90e8\u7684\u7f8e\u672f\u8bbe\u8ba1\u662f\u5b8c\u7f8e\u7684\uff0c\u98ce\u683c\u6765\u8bf4\uff08\u5728\u6211\u5fc3\u4e2d\uff09\u6bd4\u79d1\u6ce2\u62c9\u7684\u90a3\u7248\u597d\u4e00\u767e\u500d\u54c8\u54c8\u54c8\uff0c\u4e24\u90e8\u5176\u5b9e\u90fd\u662f\u901a\u8fc7\u7535\u5f71\u80fd\u4f53\u4f1a\u51fa\u539f\u6587\u90a3\u79cd\u8001\u54e5\u7279\u5c0f\u8bf4\u7684\u884c\u6587\u98ce\u683c\u7684\uff0c\u4f46\u4e24\u90e8\u53e0\u52a0\u7684\u6ee4\u955c\u4e0d\u4e00\u6837\u3002\u6bd4\u8d77\u79d1\u6ce2\u62c9\u90a3\u7248\u767b\u4f4d\u4e5f\u7f29\u4e86\u5341\u500d\uff0c\u4f46\u8fd8\u662f\u767b\u5473\u6b8b\u7559\uff0cI wish Robert Eggers had done (much) more\u2026 \u611f\u89c9\u6709\u5f88\u591a\u7ef4\u591a\u5229\u4e9a\u65f6\u4ee3\u7684topic\u53ef\u4ee5\u60f3\u529e\u6cd5\u878d\u5165\uff0clike\uff1a\u533b\u751f\u5bf9\u5973\u6027\u5065\u5eb7\u7684...""}, {""user"": ""\u6ef4\u6e9c\u6ef4\u6e9c\u8f6c"", ""star"": ""30"", ""time"": ""2024-12-26 12:11:04"", ""comments"": ""\u827e\u683c\u65af\u6ca1\u6709\u7a81\u7834\u7684\u4e00\u90e8\u3002\u89c6\u542c\u4e0a\u7684\u4f18\u70b9\u518d\u5439\u5176\u5b9e\u4e5f\u662f\u5403\u8001\u672c\uff0c\u5267\u672c\u4e0a\u7684\u786c\u4f24\u518d\u6d17\u7ec8\u7a76\u8fd8\u662f\u7406\u4e0d\u6e05\u3002\u795e\u7ecf\u8d28\u7684\u5267\u672c\uff0c\u795e\u7ecf\u8d28\u5230\u597d\u7b11\uff0c\u795e\u7ecf\u8d28\u5230\u4e0d\u8bb2\u53d9\u4e8b\u903b\u8f91\uff0c\u6bd4\u5982\u767e\u5e74\u5438\u8840\u8001\u767b\u897f\u7eb5\u6b32\u8eab\u4ea1\u662f\u4ec0\u4e48\u795e\u5947\u8111\u56de\u8def\uff0c\u5c31\u4e0d\u80fd\u8eb2\u5230\u9634\u5f71\u91cc\u5403\u5417\uff1f\u5c31\u50cf\u5a01\u5ec9\u8fbe\u798f\u7684\u53f0\u8bcd\uff1a\u725b\u987f\u770b\u4e86\u90fd\u5f97\u6253\u56de\u6bcd\u80ce\u624d\u80fd\u7406\u89e3\u3002""}, {""user"": ""Rose"", ""star"": ""20"", ""time"": ""2024-12-26 05:31:23"", ""comments"": ""\u5fb7\u666e\u5973\u513f\u7684\u6f14\u6280\u4e9b\u5fae\u5c34\u5c2c\u2026\u679c\u7136\u8ba9\u4e00\u4e2a\u7537\u6027\u7f16\u5267\u6765\u6539\u7f16\u8fd9\u4e2a\u7531\u5973\u6027\u7f9e\u4e8e\u542f\u9f7f\u7684\u6b32\u671b\u5f15\u53d1\u7684\u761f\u75ab\u7684\u6545\u4e8b\u6ca1\u6cd5\u8ba9\u4eba\u5171\u60c5\u3002\u82cd\u8001\u6076\u5fc3\u7684\u7537\u6027\u8eaf\u4f53\u548c\u7f8e\u8c8c\u5e74\u8f7b\u7684\u5973\u6027\u8eaf\u4f53\u4e00\u76f4\u65e0\u6cd5\u8ba9\u4eba\u4e3a\u6b64\u79cd\u201c\u60c5\u8272\u201d\u5143\u7d20\u6fc0\u52a8\uff0c\u751a\u81f3\u8fd8\u6709\u6697\u793a\u4e86\u6709\u4eba\u548c\u5973\u5c38\u7684\u60c5\u8282\u8ba9\u4eba\u500d\u611f\u4e0d\u9002\u3002\u6b7b\u4ea1+\u9ad8\u6f6e+\u727a\u7272+\u62ef\u6551\u600e\u4e48\u90fd\u50cfyy\u51fa\u6765\u7684\u730e\u5947\u666f\u8c61\u3002""}, {""user"": ""S.T"", ""star"": ""30"", ""time"": ""2025-01-14 08:26:26"", ""comments"": ""\u8d77\u7801\u6bd4\u5317\u6b27\u4eba\u597d\u3002""}]",https://img1.doubanio.com/view/photo/sqxs/public/p2900983059.jpg.https://img1.doubanio.com/view/photo/sqxs/public/p2912615798.jpg.https://img3.doubanio.com/view/photo/sqxs/public/p2912338137.jpg.https://img3.doubanio.com/view/photo/sqxs/public/p2909814113.jpg,https://vt1.doubanio.com/202501191558/2bca019d4a57d745e8430856db193c5a/view/movie/M/703180022.mp4
15,https://movie.douban.com/subject/36149032/,8.1,我们一起摇太阳,https://img3.doubanio.com/view/photo/s_ratio_poster/public/p2904467472.jpg,2024,"剧情,爱情,家庭","中国大陆,中国香港",汉语普通话,"['2024-02-10', '2024-03-30']",129分钟,231924,28.7%.48.7%.19.7%.2.2%.0.7%,"当“没头脑”吕途（彭昱畅 饰）遇上“不高兴”凌敏（李庚希 饰），两个身患重症却性格迥异的年轻人，因为“生命接力”的约定，阴差阳错地踏上了一段充满爱与力量的治愈之旅。
                                    
                                　　影片是韩延导演“生命三部曲”终章，部分取材于纪实报道文章《最功利的婚姻交易，最动情的永恒约定》。","[{""user"": ""\u5f20\u79c0\u624d\u5473\u7f8a\u6c64\u9762"", ""star"": ""50"", ""time"": ""2024-02-10 12:04:24"", ""comments"": ""\u5f00\u5934\u770b\u7740\u633d\u8d77\u5934\u53d1\uff0c\u82cd\u767d\u75c5\u6001\u7684\u674e\u5e9a\u5e0c\uff0c\u604d\u60da\u4e2d\u597d\u50cf\u770b\u89c1\u4e86\u300a\u95e8\u5f92\u300b\u91cc\u7684\u5f20\u9759\u521d\uff0c\u5979\u4f1a\u662f\u4e0b\u4e00\u4e2a\u5f20\u9759\u521d\u5417\uff1f\u97e9\u5ef6\u8bb2\u6545\u4e8b\u7684\u6c34\u5e73\u6bd4\u524d\u4e24\u90e8\u8fdb\u6b65\u4e86\uff0c\u4e0d\u90a3\u4e48\u77eb\u63c9\u505a\u4f5c\u4e86\uff0c\u6216\u8bb8\u662f\u8fd9\u90e8\u6f14\u5458\u7684\u52a0\u6210\u2014\u2014\u770b\u4e00\u7fa4\u8001\u620f\u9aa8\u548c\u6f14\u6280\u6d3e\u771f\u662f\u4eab\u53d7\uff0c\u628a\u4f60\u641e\u5f97\u4e00\u4f1a\u7b11\u4e00\u4f1a\u54ed\uff0c\u8fd9\u56de\u7684\u6f14\u5458\u603b\u7b97\u5168\u5458\u62bc\u5bf9\u5b9d\u4e86\u3002\u4e0d\u77e5\u9053\u4e3a\u4ec0\u4e48\uff0c\u770b\u53d1\u798f\u540e\u7684\u5f90\u5e06\u7adf\u7136\u6ca1\u6709\u5c0f\u65f6\u5019\u770b\u300a\u9519\u7231\u300b\u91cc\u7684\u5468\u4f73\u4e3d\u90a3\u4e48\u8ba9\u4eba\u54ac\u7259\u5207\u9f7f\u4e86\uff0c\u4e5f\u8bb8\u662f\u56e0\u4e3a\u201c\u6c5f\u6e56\u4e00\u80d6\u6cef\u6069\u4ec7\u201d\u5427\uff01\u5f6d\u6631\u7545\u554a\uff0c\u8d81\u65e9\u79bb\u6e56\u5357\u536b\u89c6\u90a3\u7fa4\u7efc\u827a\u5496\u8fdc\u70b9...""}, {""user"": ""momo"", ""star"": ""30"", ""time"": ""2024-02-12 00:29:18"", ""comments"": ""\u5728\u4e00\u58f0\u58f0\u201c\u5965\u5229\u7ed9\u201d\u4e2d\u9010\u6e10\u5d29\u6e83\ud83d\ude05\ud83d\ude4f""}, {""user"": ""\u5e2d\u96e8"", ""star"": ""40"", ""time"": ""2024-02-11 11:54:24"", ""comments"": ""\u5415\u9014\u8054\u7cfb\u4e0a\u5510\u5fd7\u519b\u4e86\u5417""}, {""user"": ""\u4e0d\u826f\u751f"", ""star"": ""50"", ""time"": ""2024-02-10 12:26:55"", ""comments"": ""\u6700\u6253\u52a8\u6211\u7684\u662f\uff0c\u7535\u5f71\u91cc\u7684\u5f6d\u6631\u7545\u4e0e\u674e\u5e9a\u5e0c\u867d\u7136\u7070\u5934\u571f\u8138\u3001\u51e0\u4e4e\u5168\u7d20\u989c\uff0c\u5374\u4e0d\u4e27\uff0c\u4e0d\u4f4e\u6c89\uff0c\u76f8\u53cd\u603b\u662f\u52b2\u52b2\u513f\u7684\uff0c\u4f20\u9012\u51fa\u4e00\u79cd\u5f3a\u5927\u7684\u751f\u547d\u529b\u4e0e\u751f\u7406\u8d28\u611f\u3002\u5728\u9633\u53f0\u4e0a\u5927\u58f0\u558a\u51fa\u201c\u5965\u5229\u7ed9\u201d\uff0c\u5c06\u65c5\u884c\u56e2\u8fc7\u6210\u5a5a\u793c\u73b0\u573a\uff0c\u628a\u201c\u8c22\u8c22\u60e0\u987e\u201d\u7684\u4eba\u751f\u6d3b\u6210\u201c\u518d\u6765\u4e00\u74f6\u201d\uff0c\u4e24\u4e2a\u5404\u81ea\u6709\u6b8b\u7f3a\u7684\u4eba\u76f8\u9047\uff0c\u805a\u96c6\u5728\u4e00\u5904\u53d6\u6696\uff0c\u4eba\u751f\u5c31\u6709\u4e86\u7ab8\u7ab8\u7aa3\u7aa3\u7684\u7ec6\u5fae\u5149\u4eae\u3002\u50cf\u4e24\u682a\u539f\u672c\u6709\u9634\u5f71\u7684\u690d\u7269\uff0c\u5411\u7740\u5bf9\u65b9\u6177\u6168\u5927\u65b9\u5730\u6447\u51fa\u592a\u9633\uff0c\u4ece\u6b64\u5e76\u80a9\u4f5c\u6218\u8301\u58ee\u751f\u957f\uff0c\u8fd9\u662f\u591a\u4e48\u7f8e\u597d\u7684\u4eba\u95f4\u559c\u4e8b\u554a\u3002""}, {""user"": ""\u6dfb\u8863"", ""star"": ""50"", ""time"": ""2024-02-10 11:17:28"", ""comments"": ""\u5f6d\u5f6d\u672c\u8272\u51fa\u6f14 \u5973\u4e3b\u620f\u4e5f\u5f88\u7edd \u7968\u623f\u9ed1\u9a6c\u62ed\u76ee\u4ee5\u5f85 \u5899\u88c2\u63a8\u8350\uff01\uff01\uff01""}]",https://img1.doubanio.com/view/photo/sqxs/public/p2903419450.jpg.https://img3.doubanio.com/view/photo/sqxs/public/p2904233817.jpg.https://img3.doubanio.com/view/photo/sqxs/public/p2903414167.jpg.https://img1.doubanio.com/view/photo/sqxs/public/p2904233818.jpg,https://vt1.doubanio.com/202501191558/5a82fc809626f63c0a43b297372e394e/view/movie/M/703150189.mp4
16,https://movie.douban.com/subject/36289576/,5.6,乔妍的心事,https://img3.doubanio.com/view/photo/s_ratio_poster/public/p2912655662.jpg,2024,"剧情,悬疑",中国大陆,"汉语普通话,云南方言","['2024-10-26', '2024-10-28']",112分钟,127611,9.3%.12.4%.37.1%.29.6%.11.7%,"边陲小镇长大的乔妍（赵丽颖 饰）打拼多年之后成为了一名知名演员，但在重重压力之下，一路走来小心翼翼。随着一条匿名的勒索消息，让一桩尘封往事成为她新的阴影。同时，多年前失联的姐姐（辛芷蕾 饰）突然现身，事情看似巧合，但背后又暗藏更大的危机。
                                    
                                　　影片改编自张悦然的小说《大乔小乔》。","[{""user"": ""\u83cc\u70d9"", ""star"": ""20"", ""time"": ""2024-10-26 13:58:58"", ""comments"": ""\u4e54\u598d\u5c41\u5927\u70b9\u7684\u5fc3\u4e8b""}, {""user"": ""whling"", ""star"": ""30"", ""time"": ""2024-10-26 21:11:05"", ""comments"": ""\u6574\u90e8\u7535\u5f71\u5c31\u662f\uff0c\u8f9b\u82b7\u857e\u201c\u6211\u624d\u662f\u4e54\u598d\uff01\u201d\uff0c\u9ec4\u89c9\u201c\u628a\u5408\u540c\u7b7e\u55bd\u201d\uff0c\u8001\u8205\u201c\u7ed9\u6211\u4e00\u5343\u4e07\u201d\uff0c\u8d75\u4e3d\u9896\u6210\u5bbf\u7761\u4e0d\u7740\u89c9\uff0c\u70b9\u8d77\u4e00\u6839\u70df\u201c\u4e0d\u662f\uff0c\u90fd\u5e72\u5565\u554a\uff1f\u201d\uff0c\u4e54\u598d\u6ca1\u5565\u5fc3\u4e8b\uff0c\u90fd\u662f\u70e6\u5fc3\u4e8b\u3002""}, {""user"": ""\u4e0d\u7406\u89e3\u4e0d\u5c0a\u91cd"", ""star"": ""50"", ""time"": ""2024-10-26 11:23:10"", ""comments"": ""\u4e00\u90e8\u771f\u6b63\u7684\u5973\u6027\u9898\u6750\u7684\u7535\u5f71 \u8fb9\u9672\u5c0f\u9547\u957f\u5927\u7684\u4e54\u598d\u6253\u62fc\u591a\u5e74\u4e4b\u540e\u6210\u4e3a\u4e86\u4e00\u540d\u77e5\u540d\u6f14\u5458 \u6478\u722c\u6eda\u6253\u5f97\u8fdb\u5165\u6f14\u827a\u5708 \u4e00\u6761\u533f\u540d\u7684\u52d2\u7d22\u6d88\u606f \u8ba9\u4e00\u6bb5\u4e0d\u613f\u56de\u9996\u7684\u8fc7\u5f80\u4e8b\u6d78\u5165\u5fc3\u5e95 \u540c\u65f6\u591a\u5e74\u524d\u5931\u8054\u7684\u59d0\u59d0\u7a81\u7136\u73b0\u8eab\u2026\u2026\u5979\u4f5c\u4e3a\u88ab\u51dd\u89c6\u7684\u5ba2\u4f53 \u4eba\u4eec\u5949\u5979\u4e8e\u9ad8\u53f0 \u5bfb\u5979\u4e8e\u5404\u5904 \u4f46\u662f\u4e54\u598d\u771f\u6b63\u7684\u5fc3\u4e8b \u53c8\u6709\u4f55\u4eba\u5f97\u77e5?\u5728\u8fd9\u573a\u552f\u72ec\u4e0d\u5c5e\u4e8e\u5979\u7684\u72c2\u6b22\u91cc \u6307\u5411\u4e86\u8fc7\u5f80\u903c\u4ec4\u6f6e\u6e7f\u7684\u73b0\u5b9e \u8fc7\u5f80\u7684\u56de\u5fc6\u6251\u9762\u800c\u6765\uff0c\u5c06\u5979\u5e26\u56de\u5230\u513f\u65f6\u72c2\u98ce\u5e2d\u5377\u7740\u7eb7\u98de\u7684\u5927\u96ea \u5979\u62fc\u547d\u5954\u8dd1 \u60f3\u4e3a\u81ea\u5df1\u800c\u6d3b ...""}, {""user"": ""\u5403\u74dc\u7259"", ""star"": ""10"", ""time"": ""2024-10-26 11:24:26"", ""comments"": ""\u53c8\u662f\u4e00\u4e2a\u6253\u7740\u5973\u6027\u9898\u6750\u5374\u4e1d\u6beb\u4e0d\u4ee5\u5973\u6027\u89d2\u5ea6\u4e3a\u5b9e\u9645\u51fa\u53d1\u70b9\u7684\u4e00\u90e8\u70c2\u7247""}, {""user"": ""\u5566\u5566\u5566"", ""star"": ""50"", ""time"": ""2024-10-26 11:08:59"", ""comments"": ""\u8fd9\u5c31\u662f\u6587\u827a\u7247\uff0c\u5546\u4e1a\u7247\u7eaf\u5c5e\u5bfc\u6f14\u81ea\u6211\u611f\u89c9\uff0c\u59d0\u59b9\u4e4b\u95f4\u62c9\u626f\u662f\u597d\u770b\u7684\uff01""}]",https://img1.doubanio.com/view/photo/sqxs/public/p2912658740.jpg.https://img3.doubanio.com/view/photo/sqxs/public/p2913427802.jpg.https://img1.doubanio.com/view/photo/sqxs/public/p2913427800.jpg.https://img1.doubanio.com/view/photo/sqxs/public/p2912658739.jpg,https://vt1.doubanio.com/202501191558/01f5a9f34989e3fbe08b9b1c26f40181/view/movie/M/703180345.mp4
17,https://movie.douban.com/subject/36340655/,7.1,二号陪审员,https://img2.doubanio.com/view/photo/s_ratio_poster/public/p2913661641.jpg,2024,"剧情,悬疑,惊悚,犯罪",美国,英语,"['2024-10-27', '2024-11-01']",114分钟,8152,9.9%.41.8%.43.0%.4.4%.0.8%,克林特·伊斯特伍德最后一部导演作品《二号陪审员》，讲述一个谋杀案件陪审团的成员怀疑他自己跟受害者的死有一定关系，陷入了道德困境：是利用陪审员的身份来迷惑他人、保护自己，还是对他正在参与的法律系统自首？,"[{""user"": ""\u58a8\u89d2\u5170"", ""star"": ""40"", ""time"": ""2024-11-06 12:11:12"", ""comments"": ""\u4e2d\u9014\u770b\u624b\u673a\u60f3\u6253\u5f00\u8c46\u74e3\uff0c\u7ed3\u679c\u88ab\u9694\u58c1\u7684\u8001\u592a\u592a\u4e25\u5389\u5236\u6b62\uff0c\u5979\u8bf4\u6211\u518d\u770b\u624b\u673a\u5c31\u8981\u4e3e\u62a5\u6211\uff0c\u4e8e\u662f\u6211\u4e56\u4e56\u5173\u6389\u4e86\u5c4f\u5e55\u3002""}, {""user"": ""KID Y"", ""star"": ""40"", ""time"": ""2024-11-02 01:41:23"", ""comments"": ""8.4 \u6ca1\u6709\u4e00\u70b9\u9000\u4f11\u4e4b\u4f5c\u7684\u610f\u601d\uff0c\u751a\u81f3\u6bd4\u4ee5\u5f80\u66f4\u52a0\u575a\u5b9a\uff0c\u6bcf\u4e2a\u4eba\u90fd\u5728\u4e0d\u65ad\u8d28\u7591\u7684\u8fc7\u7a0b\u4e2d\u9075\u5b88\u7740\u81ea\u5df1\u7684\u9053\u4e49\uff0c\u90a3\u4e48\u89c2\u4f17\u5462\uff1f\u9887\u6709\u4ece\u300a\u7f6a\u4e0e\u7f5a\u300b\u66f4\u8fdb\u4e00\u6b65\u7684\u610f\u601d\uff1b\u8499\u773c\u7684\u6b63\u4e49\u5973\u795e\u624b\u6301\u7740\u6447\u6643\u7684\u5929\u5e73\uff0c\u4e1c\u6728\u544a\u8bc9\u6211\u4eec\u8fd9\u5c31\u662f\u6cd5\u5f8b\uff0c\u5979\u5f88\u5371\u9669\uff0c\u4f46\u6050\u6015\u5df2\u7ecf\u662f\u6700\u597d\u7684\u7b54\u6848\u3002""}, {""user"": ""Th\u00e9ba\u00efde"", ""star"": ""50"", ""time"": ""2024-11-13 07:50:57"", ""comments"": ""\u5b9d\u5200\u4e0d\u8001\u554a\u3002\u5f88\u7cbe\u5f69\u7684\u5ead\u5ba1\u548c\u966a\u5ba1\u7535\u5f71\uff0c\u5bf9\u7f8e\u56fd\u966a\u5ba1\u5236\u5ea6\u5f88\u597d\u5f97\u8fdb\u884c\u4e86\u5c55\u793a\uff0c\u6545\u4e8b\u5f20\u529b\u5341\u8db3\uff0c\u5bf9\u9053\u5fb7\u548c\u4eba\u6027\u7684\u62f7\u95ee\u5f88\u6709\u610f\u601d\uff0c\u6ca1\u6709\u771f\u6b63\u7684\u6076\u4eba\uff0c\u4f46\u662f\u4eba\u5728\u56f0\u5883\u4e2d\u7684\u9009\u62e9\u5c24\u5176\u6709\u610f\u601d\u914d\u89d2\u4eec\u4e5f\u90fd\u633a\u51fa\u5f69\uff0c\u6bcf\u4e2a\u4eba\u7684\u9009\u62e9\u90fd\u548c\u81ea\u8eab\u7ecf\u5386\u606f\u606f\u76f8\u5173\uff0c\u6bcf\u4e2a\u4eba\u5374\u53c8\u90fd\u88ab\u88f9\u631f\u3002\u621b\u7136\u800c\u6b62\u7684\u5f00\u653e\u5f0f\u7ed3\u5c40\u4e5f\u9887\u5999\u3002\nPS: \u8fd9\u4e2a\u6545\u4e8b\u5145\u5206\u544a\u8bc9\u6211\u4eec\u9053\u8def\u4e0a\u6709\u76d1\u63a7\uff0c\u6216\u8005\u8f66\u4e0a\u6709\u884c\u8f66\u8bb0\u5f55\u4eea\u7684\u91cd\u8981\u6027\uff0clol.""}, {""user"": ""\u996e\u6b4c"", ""star"": ""40"", ""time"": ""2024-11-05 08:35:32"", ""comments"": ""\u4e1c\u6728\u7237\u7237\u8fd8\u662f\u5389\u5bb3\u7684\uff0c\u884c\u4e91\u6d41\u6c34\u7684\u628a\u4e00\u4e2a\u7b80\u5355\u7684\u6545\u4e8b\u8bb2\u7684\u522b\u6709\u6d1e\u5929\uff0c\u4e0d\u7ba1\u662f\u5904\u7406\u7fa4\u620f\u8fd8\u662f\u5bf9\u51e0\u4e2a\u4e3b\u4eba\u516c\u7684\u523b\u753b\u90fd\u5f88\u5728\u7ebf\uff0c\u9887\u6709\u5f53\u4ee3\u7248\u7684\u300a\u5341\u4e8c\u6012\u6c49\u300b\u7684\u610f\u601d\uff1f\u5c0f\u5c3c\u5b50\u8fd9\u4e2a\u89d2\u8272\u4f5c\u4e3a\u6574\u90e8\u7535\u5f71\u6240\u6709\u77db\u76fe\u70b9\u7684\u96c6\u4e2d\uff0c\u8868\u73b0\u7684\u53ea\u80fd\u8bf4\u662f\u4e2d\u89c4\u4e2d\u77e9\uff0c\u771f\u7684\u662f\u4e0d\u5982\u51e0\u4e2a\u914d\u89d2\u3002""}, {""user"": ""\u5bd2\u679d\u96c0\u9759"", ""star"": ""40"", ""time"": ""2024-11-07 07:28:56"", ""comments"": ""C / \u4e1c\u6728\u8fd8\u662f\u5389\u5bb3\uff0c\u80fd\u628a\u4e00\u4e2a\u8fd1\u4e4e\u8d28\u6734\u767d\u7537\u723d\u6587\u7684\u5267\u672c\u901a\u8fc7\u89c6\u89d2\u7684\u4e0d\u65ad\u59a5\u5e16\u5206\u914d\uff0c\u8fdb\u884c\u5206\u89e3\u4e0e\u5e73\u8861\uff0c\u76f4\u5230\u7ed3\u5c3e\u7ec8\u4e8e\u63d0\u70bc\u51fa\u4e3b\u89d2\u672c\u8eab\u7684\u4e0d\u7eaf\u6d01\u6027\u3002\u4f46\u8fd9\u4e48\u4e00\u6765\u603b\u5f52\u662f\u6ca1\u6709\u300a\u7406\u67e5\u5fb7\u6731\u7ef4\u5c14\u300b\u90a3\u822c\u5229\u843d\u3002\u800c\u4e14\u4ece\u966a\u5ba1\u5458\u3001\u89c2\u4f17\u3001\u89c6\u9891\u4e0e\u8bb0\u5fc6\u5f71\u50cf\u4e4b\u95f4\u5f15\u51fa\u7684\u89c2\u770b\u4e0e\u771f\u76f8\u7684\u6982\u5ff5\uff0c\u4f3c\u4e4e\u59cb\u7ec8\u6ca1\u6709\u771f\u7684\u594f\u6548\u8fc7\u3002""}]",https://img2.doubanio.com/view/photo/sqxs/public/p2916105811.jpg.https://img9.doubanio.com/view/photo/sqxs/public/p2916105766.jpg.https://img9.doubanio.com/view/photo/sqxs/public/p2916105765.jpg.https://img3.doubanio.com/view/photo/sqxs/public/p2916105822.jpg,https://vt1.doubanio.com/202501191558/7971db3a3b9c11bee0970bbaa0fac28d/view/movie/M/703180037.mp4
18,https://movie.douban.com/subject/36308289/,6.2,小心肝儿,https://img9.doubanio.com/view/photo/s_ratio_poster/public/p2913615945.jpg,2024,"悬疑,惊悚,犯罪",美国,英语,"['2024-08-30', '2024-12-25']",114分钟,1510,10.5%.20.7%.44.7%.18.4%.5.7%,一位有权势的CEO（妮可·基德曼 Nicole Kidman 饰）和比她年轻得多的实习生（哈里斯·迪金森 Harris Dickinson 饰）开始了一段不正当的关系，将她的事业与家庭置于危险之中。,"[{""user"": ""\u5357\u8f95\u5317\u8f9e\u65e7\u57ce"", ""star"": ""40"", ""time"": ""2024-08-30 19:41:27"", ""comments"": ""\u7acb\u610f\u662f\u597d\u7684\uff0c\u662f\u62cd\u7ed9\u5973\u6027\u770b\u7684\uff0c\u4f46\u9884\u8ba1\u4f1a\u8ddf\u53bb\u5e74\u77f3\u5934\u7684pt\u4e00\u6837\u4e89\u8bae\u5927\u3002\u5973\u5bfc\u6f14\u52a0\u5973\u7f16\u5267\u9996\u5148\u522b\u7684\u4e0d\u8bf4\u6211\u76f4\u63a5\u65e0\u8111\u6eba\u7231\u7206\u706f\u52a0\u661f\u3002\u5267\u672c\u4e0e\u65f6\u4ff1\u8fdb\u5f88\u597d\uff0c\u8ba8\u8bba\u4e86\u5f53\u524d\u793e\u4f1a\u80cc\u666f\u4e0b\u5973\u6027\u5883\u51b5\uff0c\u5c24\u5176\u662f\u9ad8\u4f4d\u4e2d\u5e74\u5973\u6027\u5982\u4f55\u9762\u5bf9\u81ea\u5df1\u65e0\u5904\u758f\u89e3\u7684\u6b32\u671b\uff0c\u5982\u4f55\u4e0e\u804c\u573a\u4e2d\u5176\u4ed6\u5973\u6027\u5171\u5904\uff08\u6ca1\u6709\u548c\u4e0b\u5c5e\u5c55\u5f00\u96cc\u7ade\u6216\u6545\u610f\u6253\u538b\u6211\u771f\u7684\u662f\u8c22\u5929\u8c22\u5730\uff09\u600e\u4e48\u6837\u53bb\u548c\u4f34\u4fa3\u6c9f\u901a\uff0c\u5973\u4e3b\u590d\u6742\u53c8\u77db\u76fe\u7684\u5fc3\u6001\u8d2f\u7a7f\u5168\u7247\uff0c\u7ed3\u5c40\u5e05\u53c8\u723d\u2026\u4f46\u662f\u5341\u4e5d\u5e74\u554a\uff01\u770b\u5b8c\u53ea\u5e0c\u671b\u5927\u5bb6\u2014\u2014\u5c24\u5176\u662f\u987a\u76f4\u5973\uff0c\u90fd\u80fd\u514b\u670d\u6027\u7f9e...""}, {""user"": ""\u996e\u6b4c"", ""star"": ""30"", ""time"": ""2024-09-11 23:26:44"", ""comments"": ""\u4e2d\u5e74\u804c\u573a\u5973\u7cbe\u82f1\u7684\u67d0\u79cd\u6027\u7231\u521d\u4f53\u9a8c\uff0c\u5916\u8868\u8d8a\u5149\u9c9c\u7684\u4eba\uff0c\u5185\u5fc3\u8d8a\u9700\u8981\u67d0\u4e9b\u5c0f\u7656\u597d\u6765\u5b8c\u6574\u81ea\u5df1\uff0c\u8fd9\u624d\u662f\u4e00\u4e2a\u5b8c\u6574\u7684\u4eba\u4e0d\u662f\u4e48\uff1f\u770bNicole Kidman\u88ab\u5c0f\u72fc\u72d7\u8c03\u6559\u7684\u620f\u7801\uff0c\u89c9\u5f97\u8fd9\u4e2a\u5a01\u5c3c\u65af\u5f71\u540e\u62ff\u5f97\u633a\u6709\u8da3\uff0c\u4e00\u5b9a\u662f\u4e8e\u4f69\u5c14\u963f\u59e8\u60f3\u5230\u4e86\u4ec0\u4e48\u3002""}, {""user"": ""\u54af\u54af\u7cbe"", ""star"": ""40"", ""time"": ""2024-08-30 17:04:11"", ""comments"": ""Let\u2019s celebrate female sexuality and make female porn great and relevant for real!!! porn\u4ece\u4e0d\u5728\u65b0\uff0c\u5728\u4e8e\u7cbe\u3001niche\u548c\u4ee5\u4eba\u4e3a\u672c\uff01\u611f\u8c22Kidman mothering so hard\uff0c\u8fd9\u4e0d\u662f\u6211\u7684porn\u4f46\u60a8\u662f\u6211\u7684porn\uff08...\u5bf9porn\u548c\u6027\u4e5f\u522b\u592a\u6559\u6761\u4e86\uff0c\u60f3\u60e9\u7f5a\u8c01\uff1f\uff1a\uff09""}, {""user"": ""\u561f\u561f\u718a\u4e4b\u7236"", ""star"": ""20"", ""time"": ""2024-08-30 19:35:22"", ""comments"": ""\u7684\u786e\u662f\u62cd\u7ed9\u6ca1\u73a9\u8fc7SM\u7684\u4eba\u770b\u7684\uff0c\u4e00\u65b9\u9762\u653e\u5927\u6d6a\u6f2b\uff0c\u4e00\u65b9\u9762\u6e32\u67d3\u5371\u9669\u3002\u9664\u6b64\u4e4b\u5916\uff0c\u8fd8\u56ca\u62ec\u4e86\u79cd\u79cd\u582a\u6bd4\u5c01\u5efa\u793e\u4f1a\u7684\u6781\u9650\u4e8c\u9009\u4e00\uff0c\u7c97\u66b4\u5730\u5c06\u6027\u7656\u3001\u6027\u7231\u3001\u6743\u529b\u3001\u5bb6\u5ead\u3001\u804c\u573a\u6df7\u4e3a\u4e00\u8c08\u3002\u6f14\u5458\u7684\u5149\u8292\u8fdc\u80dc\u4e8e\u89d2\u8272\uff0c\u4e8e\u662f\u5f53\u5149\u8292\u892a\u53bb\u65f6\uff0c\u4e5f\u8fdc\u5feb\u4e8e\u89d2\u8272\u672c\u8eab\u3002\u8c03\u6559-\u670d\u4ece\u7684\u8fc7\u7a0b\u672a\u5f97\u5efa\u7acb\uff0c\u542c\u89c9/\u89e6\u89c9\u7684\u89c6\u542c\u8bbe\u8ba1\u4e5f\u6781\u5c3d\u6577\u884d\uff0c\u6240\u4ee5\u5f53\u6211\u4eec\u9762\u5bf9\u89d2\u8272\u7684\u7279\u5199\u65f6\uff0c\u53ea\u662f\u5728\u76ee\u7779\u59ae\u53ef\u00b7\u57fa\u5fb7\u66fc\u672c\u4eba\u5728\u5927\u94f6\u5e55\u4e0a\u88abSM\uff0c\u5f88\u6d45\u8584\u7684\u5904\u7406\u3002""}, {""user"": ""\u5409\u62c9\u8299"", ""star"": """", ""time"": ""2024-09-01 12:03:23"", ""comments"": ""\u4e2d\u56fd\u7248\u7ffb\u62cd\u53ef\u4ee5\u627e\u6d77\u6e05\u548c\u6b27\u8c6a""}]",https://img3.doubanio.com/view/photo/sqxs/public/p2910996897.jpg.https://img9.doubanio.com/view/photo/sqxs/public/p2915486105.jpg.https://img9.doubanio.com/view/photo/sqxs/public/p2917313205.jpg.https://img3.doubanio.com/view/photo/sqxs/public/p2917311642.jpg,https://vt1.doubanio.com/202501191558/bdcdc53452c51bb5a90230d5972e2b74/view/movie/M/703190146.mp4
19,https://movie.douban.com/subject/35618436/,8.1,从今以后,https://img3.doubanio.com/view/photo/s_ratio_poster/public/p2903787472.jpg,2024,"剧情,同性",中国香港,粤语,"['2024-05-01', '2024-02-16']",93分钟,8961,28.1%.52.0%.17.9%.1.4%.0.5%,一对暮年女同志已朝夕相伴四十年，一人骤然离去，悲伤来不及抚平，另一半便要面对爱侣家庭成员的态度转变，本来厮守终老的安乐窝，引来至亲软硬兼施的争夺，陷入法理情的多方周旋。杨曜恺继《叔‧叔》后更上一层楼，在轻描淡写的日常，交织无限温暖，血缘不应凌驾于自主的爱，以冷静视角为本 地LGBTQ+社群被漠视的权利发声，侧写香港年轻一代无以为家的窘况。众多金像级实力演员，在收放自如中细腻演活了一部道德故事。柏林影展泰迪熊奖。,"[{""user"": ""NeilQi"", ""star"": ""40"", ""time"": ""2024-02-19 03:30:00"", ""comments"": ""PAT\u8fd9\u4e48\u5927\u5c81\u6570\u8fd8\u8bfb\u7855\u58eb\u60f3\u7740\u505a\u81ea\u5df1\u7684\u670d\u88c5\u54c1\u724c\uff0clgbtq\u4eba\u7fa4\u771f\u662f\u6d3b\u5230\u8001\u5377\u5230\u8001\u3002\n\n\u4f84\u5b50\u5356\u60e8\u6c42\u540c\u60c5\u662f\u4e3a\u4e86\u623f\u5b50\u80fd\u7ed9\u4ed6\uff0c\u4f84\u5973\u56de\u5fc6\u8fc7\u5f80\u751f\u6d3b\u4e5f\u53ea\u4e3a\u4e86\u5356\u623f\u540e\u81ea\u5df1\u80fd\u5206\u52301/4\u3002\u518d\u540e\u6765\u4f84\u5973\u63c9\u788e\u4e86\u90a3\u5e45\u753b\uff0c\u4f84\u5b50\u6ce8\u89c6\u7740\u5bb6\u5ead\u5408\u7167\uff0c\u642c\u8d70\u4e4b\u540e\u8c01\u8fd8\u4f1a\u8bb0\u5f97\u5979\u5462\u3002\n\n\u5979\u6307\u671b\u7740pat\u7684\u90a3\u4e00\u53e5\u6211\u4f1a\u7167\u987e\u4f60\u5230\u8001\uff0cpat\u4e5f\u5927\u6982\u8ba4\u5b9a\u4e86\u5373\u4f7f\u81ea\u5df1\u6b7b\u4e86\u5bb6\u4eba\u4e5f\u4f1a\u5584\u5f85\u5979\uff0c\u4e24\u4e2a\u4eba\u90fd\u89c9\u5f97all shall be well. BUT NOT.\n""}, {""user"": ""\u738b\u5146\u5c6f\u5742\u672c\u9f99\u4e00"", ""star"": ""30"", ""time"": ""2024-02-17 05:52:12"", ""comments"": ""\u611f\u89c9\u9999\u6e2f\u72ec\u7acb\u7535\u5f71\u73b0\u5728\u8fdb\u5165\u5230\u4e86\u4e00\u4e2a\u96c6\u4f53\u521b\u4f5c\u6a21\u677f\u9636\u6bb5\uff0c\u72b9\u5982\u300a\u6d41\u6c34\u843d\u82b1\u300b\u300a\u767d\u65e5\u4e4b\u4e0b\u300b\u4e4b\u6d41\uff0c\u90fd\u662f\u7acb\u8db3\u4e8e\u5f53\u524d\u6cd5\u5f8b\u65e0\u6cd5\u89e3\u51b3\u7684\u56f0\u5883\uff0c\u8bd5\u56fe\u7528\u53e6\u4e00\u79cd\u9014\u5f84\u53bb\u89e3\u51b3\uff0c\u8868\u9762\u4e0a\u9047\u5230\u7684\u56f0\u5883\u770b\u4f3c\u4e0d\u5c3d\u76f8\u540c\uff0c\u5b9e\u5219\u5927\u540c\u5c0f\u5f02\u3002\u8840\u7f18\u5f80\u5f80\u662f\u5229\u76ca\u7684\u7ebd\u5e26\uff0c\u60c5\u7f18\u624d\u662f\u5fc3\u7075\u7684\u5f52\u5bbf\u3002""}, {""user"": ""Mr. Lei"", ""star"": ""40"", ""time"": ""2024-02-17 22:56:02"", ""comments"": ""#Berlinale2024# \u6c92\u6709\u6cd5\u5f8b\u7684\u4fdd\u969c\uff0c\u623f\u5b50\u4fdd\u4e0d\u4f4f\uff0c\u4fdd\u96aa\u7bb1\u53d6\u4e0d\u51fa\uff0c\u4e2d\u79cb\u4e4b\u5bb4\u7684\u5176\u6a02\u878d\u878d\u9762\u5c0d\u73fe\u5be6\u7684\u8003\u9a57\u4fbf\u4e0d\u582a\u4e00\u64ca\uff0c\u96fb\u5f71\u628a\u4eba\u6027\u5fae\u5999\u7684\u5206\u5bf8\u611f\u62ff\u634f\u5f97\u5f88\u597d\uff0c\u96d6\u7136\u5c0d\u5973\u4e3b\u89d2\u4f86\u8aaa\u7d42\u7a76\u662f\u8207\u9322\u7121\u95dc\u7684\u4e8b\uff0c\u4f46\u5f9e\u66f4\u73fe\u5be6\u7684\u8996\u89d2\u95dc\u6ce8\u540c\u5fd7\u8b70\u984c\u76f8\u6bd4\u300a\u53d4\u00b7\u53d4\u300b\u7d55\u5c0d\u662f\u66f4\u9032\u4e00\u6b65\u3002""}, {""user"": ""\u718a\u732b\u6bdb"", ""star"": ""40"", ""time"": ""2024-02-19 08:03:24"", ""comments"": ""\u8001\u5e74\u62c9\u62c9\u6743\u76ca\u4e89\u53d6\u7247\u3002\u6574\u4f53\u8282\u594f\u63a8\u8fdb\u6bd4\u8f83\u6162\uff0c\u5a13\u5a13\u9053\u6765\u7684\u540c\u65f6\u5c31\u80fd\u89c1\u5230\u5176\u4e2d\u7684\u6b8b\u5fcd\u3002Angie\u963f\u59e8\u4e00\u6b65\u6b65\u7684\u9000\u8ba9\u88ab\u5199\u7684\u6dcb\u6f13\u5c3d\u81f4\uff0c\u800c\u5728\u8fd9\u4e00\u8fc7\u7a0b\u4e2d\u5979\u662f\u5931\u58f0\u7684\u3002\u4ece\u4e00\u5f00\u59cb\u7684\u80a9\u5e76\u80a9\u65e0\u8a00\u4ee5\u6e29\u67d4\uff0c\u5230\u4e2d\u6bb5\u7684\u5f31\u97f3\uff0c\u90fd\u80fd\u770b\u5230\u5bf9\u62c9\u62c9\u7fa4\u4f53\u6743\u76ca\u7684\u8bae\u9898\u63a2\u8ba8\u3002\u5bf9\u9762\u7684family\u4e00\u5bb6\u88ab\u751f\u6d3b\u6240\u6298\u78e8\uff0c\u5c06\u8fd9\u79cd\u6298\u78e8\u8f6c\u5ac1\u3002\u4f46Angie\u7684\u82e6\u5374\u662f\u9664\u81ea\u5df1\u5916\u4e0d\u53ef\u89c1\u7684\u3002\u8fd9\u624d\u662f\u6574\u4e2a\u7247\u6700\u8ba9\u4eba\u5fc3\u788e\u7684\u5730\u65b9\u3002""}, {""user"": ""M31TokioMelody"", ""star"": ""40"", ""time"": ""2024-04-28 00:19:29"", ""comments"": ""\u6545\u4e8b\u5176\u5b9e\u5f88\u7b80\u5355\uff0c\u5c31\u662f\u4e89\u593a\u9057\u4ea7\uff1b\u5bfc\u6f14\u6620\u540e\u8c08\u548c\u70ed\u8bc4\u91cc\u90fd\u6709\u4eba\u63d0\u5230\u4e86\u201c\u5f02\u6027\u604b\u60c5\u4fa3\u5982\u679c\u6ca1\u6709\u7ed3\u5a5a\u6ca1\u6709\u7acb\u9057\u5631\u4e5f\u4f1a\u9047\u5230\u540c\u6837\u7684\u95ee\u9898\u201d\uff0c\u4f46\u662f\u5c31\u50cf\u4eca\u5929\u5bfc\u6f14\u8bb2\u7684\u4e00\u6837\uff0c\u7535\u5f71\u60f3\u5f3a\u8c03\u7684\u662f\u4e00\u79cd\u201c\u65e0\u6743\u201d\u7684\u56f0\u5883\uff0c\u5f02\u6027\u604b\u60c5\u4fa3\u4e0d\u7ed3\u5a5a\u662fta\u4eec\u7684\u9009\u62e9\uff0c\u4f46\u662f\u540c\u6027\u604b\u60c5\u4fa3\u4e0d\u7ed3\u5a5a\u5c31\u4e0d\u662f\u9009\u62e9\u4e86\uff0c\u8fd9\u79cd\u201c\u65e0\u6743\u201d\u7684\u56f0\u5883\u662fta\u4eec\u4e0d\u53ef\u907f\u514d\u7684\u3002\u7535\u5f71\u786e\u5b9e\u4e5f\u6709\u591f\u5e73\u94fa\u76f4\u53d9\uff0c\u4f46\u662f\u4e5f\u8db3\u591f\u771f\u5b9e\uff0c\u73b0\u5b9e\u5c31\u662f\u8fd9\u6837\u7684\u600e\u4e48\u529e\u5462\u3002\u201c\u5c31\u7b97\u662f\u4eb2\u6bcd\u5b50\u4e3a\u4e86\u94b1\u4e5f\u4f1a\u6495\u7834\u8138\u201d\u3002\uff08\u5bfc\u6f14\uff1a\u6211\u4eec\u91c7\u8bbf\u5230\u7684\u4e00...""}]",https://img9.doubanio.com/view/photo/sqxs/public/p2902043255.jpg.https://img9.doubanio.com/view/photo/sqxs/public/p2908553744.jpg.https://img1.doubanio.com/view/photo/sqxs/public/p2908554099.jpg.https://img1.doubanio.com/view/photo/sqxs/public/p2904986729.jpg.https://img2.doubanio.com/view/photo/sqxs/public/p2903427271.jpg,0
